id,series_id,start,length,true_class,pred_class,confidence,F_stat,Separability,IG,Composite_Score,dim_0,dim_1,Shapelet_Length
7799,129,1,29,2,2,0.82768106,47.662678,5.8976116,0.7326626042713502,1166.8151,"[0.33945706486701965, 0.3336799740791321, 0.34172382950782776, 0.35713639855384827, 0.3598622679710388, 0.27960404753685, 0.005155693273991346, -0.3047986626625061, -0.6427528858184814, -0.8509470224380493, -0.9673848748207092, -0.8899638056755066, -0.8015609383583069, -0.6279603838920593, -0.40435218811035156, -0.0971679612994194, 0.18868836760520935, 0.43227648735046387, 0.6721341013908386, 0.7976648211479187, 0.7462864518165588, 0.6834256052970886, 0.5539806485176086, 0.4234226644039154, 0.2551541030406952, 0.02835976891219616, -0.19793958961963654, -0.38394150137901306, -0.564588189125061]","[1.2222625017166138, 1.2528175115585327, 1.2523976564407349, 1.282702088356018, 1.3191617727279663, 1.3187577724456787, 1.161718726158142, 0.9814417958259583, 0.7495636343955994, 0.5566192865371704, 0.5126364231109619, 0.5265843868255615, 0.5206647515296936, 0.5675786137580872, 0.6954876780509949, 0.6374659538269043, 0.5486761331558228, 0.4849613904953003, 0.48465612530708313, 0.5441390872001648, 0.4888732433319092, 0.44297435879707336, 0.29689711332321167, 0.1122516617178917, -0.10176031291484833, -0.26544150710105896, -0.34488344192504883, -0.4209238886833191, -0.450223833322525]",29
7798,129,0,29,2,2,0.82592154,47.68767,5.61104,0.7207690454661384,1158.123,"[0.33662402629852295, 0.33945706486701965, 0.3336799740791321, 0.34172382950782776, 0.35713639855384827, 0.3598622679710388, 0.27960404753685, 0.005155693273991346, -0.3047986626625061, -0.6427528858184814, -0.8509470224380493, -0.9673848748207092, -0.8899638056755066, -0.8015609383583069, -0.6279603838920593, -0.40435218811035156, -0.0971679612994194, 0.18868836760520935, 0.43227648735046387, 0.6721341013908386, 0.7976648211479187, 0.7462864518165588, 0.6834256052970886, 0.5539806485176086, 0.4234226644039154, 0.2551541030406952, 0.02835976891219616, -0.19793958961963654, -0.38394150137901306]","[1.2314934730529785, 1.2222625017166138, 1.2528175115585327, 1.2523976564407349, 1.282702088356018, 1.3191617727279663, 1.3187577724456787, 1.161718726158142, 0.9814417958259583, 0.7495636343955994, 0.5566192865371704, 0.5126364231109619, 0.5265843868255615, 0.5206647515296936, 0.5675786137580872, 0.6954876780509949, 0.6374659538269043, 0.5486761331558228, 0.4849613904953003, 0.48465612530708313, 0.5441390872001648, 0.4888732433319092, 0.44297435879707336, 0.29689711332321167, 0.1122516617178917, -0.10176031291484833, -0.26544150710105896, -0.34488344192504883, -0.4209238886833191]",29
9171,152,12,29,4,2,0.06645489,45.63217,5.125599,0.7402877012376265,1103.4258,"[0.34293609857559204, 0.3956610858440399, 0.2896406948566437, 0.1352304369211197, -0.029525276273489, -0.25804704427719116, -0.4628938138484955, -0.6595518589019775, -0.8236227035522461, -1.0400173664093018, -1.2044533491134644, -1.3222134113311768, -1.3800644874572754, -1.3967835903167725, -1.3013787269592285, -1.0893160104751587, -0.8001352548599243, -0.47660040855407715, -0.19296935200691223, 0.08410011976957321, 0.2916410267353058, 0.30943745374679565, 0.20990991592407227, 0.10702323168516159, -0.020463941618800163, -0.2296426147222519, -0.4753531515598297, -0.714746356010437, -0.9367530941963196]","[0.6605885028839111, 0.5340439677238464, 0.20202268660068512, -0.031667280942201614, -0.11416569352149963, -0.18223756551742554, -0.18678440153598785, -0.14916950464248657, -0.06132260337471962, -0.13291463255882263, -0.2335527092218399, -0.32838377356529236, -0.5219676494598389, -0.8096184134483337, -1.06170654296875, -1.208984136581421, -1.255518913269043, -1.1586511135101318, -0.9303206205368042, -0.775231659412384, -0.6270518898963928, -0.699068009853363, -0.9654014110565186, -1.1565440893173218, -1.3732587099075317, -1.5933619737625122, -1.7335808277130127, -1.765468716621399, -1.7903798818588257]",29
2560,42,10,24,9,9,0.41977763,45.75829,5.0123315,0.658034091295673,1098.4375,"[-0.8300191760063171, -0.9466469287872314, -1.0661383867263794, -1.1659374237060547, -1.2607604265213013, -1.3540198802947998, -1.4607383012771606, -1.5865229368209839, -1.6968564987182617, -1.7713005542755127, -1.8037265539169312, -1.690699815750122, -1.6735392808914185, -1.646065354347229, -1.589005470275879, -1.5055079460144043, -1.3879002332687378, -1.2415132522583008, -1.1068161725997925, -0.9386642575263977, -0.76119065284729, -0.6098828911781311, -0.47485798597335815, -0.30259865522384644]","[-1.7543646097183228, -1.6673529148101807, -1.5101072788238525, -1.3832017183303833, -1.2872813940048218, -1.1923243999481201, -1.0970875024795532, -1.002590298652649, -0.8890673518180847, -0.7830620408058167, -0.6822761297225952, -0.8790736794471741, -0.7684400081634521, -0.6722580194473267, -0.5374705791473389, -0.3479284346103668, -0.10929130017757416, 0.11075279861688614, 0.3664579689502716, 0.6202718615531921, 0.8454364538192749, 1.0517613887786865, 1.250463843345642, 1.413162112236023]",24
2869,47,13,24,9,9,0.60036147,44.92402,5.5086966,0.6064570652628609,1094.0641,"[-0.47884267568588257, -0.6068580746650696, -0.7820767164230347, -0.9987183213233948, -1.2102926969528198, -1.430675983428955, -1.6125065088272095, -1.7311007976531982, -1.7971184253692627, -1.8222508430480957, -1.8471087217330933, -1.8529247045516968, -1.8424134254455566, -1.8094972372055054, -1.7742034196853638, -1.7091928720474243, -1.6427370309829712, -1.5042626857757568, -1.3466465473175049, -1.148074746131897, -0.95478355884552, -0.7390568256378174, -0.5420832633972168, -0.38468581438064575]","[-0.7396600246429443, -0.7592431306838989, -0.71689772605896, -0.6923916935920715, -0.6296910047531128, -0.5379258394241333, -0.4274784326553345, -0.3407818377017975, -0.3505639135837555, -0.29648861289024353, -0.20331406593322754, -0.08888654410839081, 0.02135702595114708, 0.2498205155134201, 0.44068726897239685, 0.6027271151542664, 0.7934173345565796, 0.9711610078811646, 1.130482792854309, 1.2661452293395996, 1.3825479745864868, 1.4518096446990967, 1.464831829071045, 1.5174856185913086]",24
6034,100,24,19,14,9,0.31780887,47.01369,3.8717601,0.5739556108677157,1085.1244,"[1.1272834539413452, 1.070278286933899, 0.8607668280601501, 0.8456900715827942, 1.094650387763977, 1.2065995931625366, 1.0199671983718872, 0.8101546764373779, 0.8509592413902283, 1.0117309093475342, 1.0121464729309082, 0.8610983490943909, 0.7920939326286316, 0.930808961391449, 1.0551304817199707, 1.0091006755828857, 0.8578696846961975, 0.8673771619796753, 1.0048611164093018]","[-0.47559231519699097, -0.5018250942230225, -0.5152817964553833, -0.5020111203193665, -0.4524218440055847, -0.41873669624328613, -0.4274226427078247, -0.3972729444503784, -0.3610755503177643, -0.3317006826400757, -0.2980610728263855, -0.29706743359565735, -0.2679652273654938, -0.23142504692077637, -0.16155824065208435, -0.13301420211791992, -0.11954798549413681, -0.07351383566856384, -0.04852161183953285]",19
7553,125,0,29,2,2,0.6201365,43.771614,5.523505,0.6740878338477598,1074.8418,"[-0.592644453048706, -0.6028987765312195, -0.6389509439468384, -0.6988803148269653, -0.8433694243431091, -1.0390139818191528, -1.3637440204620361, -1.624405860900879, -1.7485346794128418, -1.8651472330093384, -1.8760309219360352, -1.7758421897888184, -1.6152307987213135, -1.4157801866531372, -1.218610167503357, -0.9762952923774719, -0.7395095825195312, -0.4814147353172302, -0.24518346786499023, -0.03643913194537163, 0.03543813154101372, -0.010814880020916462, -0.11745138466358185, -0.27242231369018555, -0.48932233452796936, -0.7555621266365051, -1.0311384201049805, -1.285014271736145, -1.5449237823486328]","[1.1449774503707886, 1.1480873823165894, 1.1415153741836548, 1.1037184000015259, 1.0208638906478882, 0.8542835116386414, 0.6516363620758057, 0.477104514837265, 0.30429109930992126, 0.22368420660495758, 0.19469010829925537, 0.18153131008148193, 0.16480174660682678, 0.21230220794677734, 0.28326401114463806, 0.34589532017707825, 0.2905299663543701, 0.20561136305332184, 0.11858461052179337, 0.11364446580410004, 0.07837352901697159, -0.024123506620526314, -0.12338094413280487, -0.26584893465042114, -0.38277488946914673, -0.5018250942230225, -0.5933232307434082, -0.7376688122749329, -0.8618279099464417]",29
2573,42,7,29,9,9,0.45631576,43.00207,6.0417747,0.6343827606181645,1073.0138,"[-0.4649081528186798, -0.5787920355796814, -0.7060055732727051, -0.8300191760063171, -0.9466469287872314, -1.0661383867263794, -1.1659374237060547, -1.2607604265213013, -1.3540198802947998, -1.4607383012771606, -1.5865229368209839, -1.6968564987182617, -1.7713005542755127, -1.8037265539169312, -1.690699815750122, -1.6735392808914185, -1.646065354347229, -1.589005470275879, -1.5055079460144043, -1.3879002332687378, -1.2415132522583008, -1.1068161725997925, -0.9386642575263977, -0.76119065284729, -0.6098828911781311, -0.47485798597335815, -0.30259865522384644, -0.1325111985206604, 0.04972749575972557]","[-1.9058791399002075, -1.903015375137329, -1.8799530267715454, -1.7543646097183228, -1.6673529148101807, -1.5101072788238525, -1.3832017183303833, -1.2872813940048218, -1.1923243999481201, -1.0970875024795532, -1.002590298652649, -0.8890673518180847, -0.7830620408058167, -0.6822761297225952, -0.8790736794471741, -0.7684400081634521, -0.6722580194473267, -0.5374705791473389, -0.3479284346103668, -0.10929130017757416, 0.11075279861688614, 0.3664579689502716, 0.6202718615531921, 0.8454364538192749, 1.0517613887786865, 1.250463843345642, 1.413162112236023, 1.4814704656600952, 1.493483304977417]",29
4135,68,3,29,11,11,0.31817794,42.77669,6.159833,0.6277372419372238,1071.7157,"[-0.12076699733734131, -0.16438676416873932, -0.233903169631958, -0.3571747839450836, -0.527554452419281, -0.7052462100982666, -0.874570369720459, -1.0706079006195068, -1.2576085329055786, -1.490906834602356, -1.6864523887634277, -1.7986814975738525, -1.8288815021514893, -1.9115134477615356, -1.974483847618103, -2.156543731689453, -2.125650405883789, -1.9851971864700317, -1.690699815750122, -1.3073800802230835, -1.009504795074463, -0.7312389612197876, -0.4729909598827362, -0.15541481971740723, 0.17170606553554535, 0.44844597578048706, 0.7225245237350464, 0.976240336894989, 1.1838635206222534]","[-1.4855914115905762, -1.5103121995925903, -1.5957049131393433, -1.6832600831985474, -1.7347396612167358, -1.7540713548660278, -1.727677583694458, -1.6151378154754639, -1.4052106142044067, -1.1215237379074097, -0.8334893584251404, -0.6780019998550415, -0.5910637378692627, -0.6200822591781616, -0.37612974643707275, -0.06463680416345596, 0.330107182264328, 0.6993939876556396, 1.0018703937530518, 1.1823692321777344, 1.3911895751953125, 1.628136157989502, 1.8987637758255005, 2.2015295028686523, 2.3418307304382324, 2.3821940422058105, 2.3361523151397705, 2.30688214302063, 2.2014904022216797]",29
9174,152,14,29,4,2,0.21106935,43.403538,5.4277306,0.7730443498745605,1069.5548,"[0.2896406948566437, 0.1352304369211197, -0.029525276273489, -0.25804704427719116, -0.4628938138484955, -0.6595518589019775, -0.8236227035522461, -1.0400173664093018, -1.2044533491134644, -1.3222134113311768, -1.3800644874572754, -1.3967835903167725, -1.3013787269592285, -1.0893160104751587, -0.8001352548599243, -0.47660040855407715, -0.19296935200691223, 0.08410011976957321, 0.2916410267353058, 0.30943745374679565, 0.20990991592407227, 0.10702323168516159, -0.020463941618800163, -0.2296426147222519, -0.4753531515598297, -0.714746356010437, -0.9367530941963196, -1.0993865728378296, -1.132993459701538]","[0.20202268660068512, -0.031667280942201614, -0.11416569352149963, -0.18223756551742554, -0.18678440153598785, -0.14916950464248657, -0.06132260337471962, -0.13291463255882263, -0.2335527092218399, -0.32838377356529236, -0.5219676494598389, -0.8096184134483337, -1.06170654296875, -1.208984136581421, -1.255518913269043, -1.1586511135101318, -0.9303206205368042, -0.775231659412384, -0.6270518898963928, -0.699068009853363, -0.9654014110565186, -1.1565440893173218, -1.3732587099075317, -1.5933619737625122, -1.7335808277130127, -1.765468716621399, -1.7903798818588257, -1.8201308250427246, -1.9548559188842773]",29
2873,47,11,29,9,9,0.2571751,42.273254,6.3260274,0.6187720523998281,1066.1844,"[-0.3143816590309143, -0.38233068585395813, -0.47884267568588257, -0.6068580746650696, -0.7820767164230347, -0.9987183213233948, -1.2102926969528198, -1.430675983428955, -1.6125065088272095, -1.7311007976531982, -1.7971184253692627, -1.8222508430480957, -1.8471087217330933, -1.8529247045516968, -1.8424134254455566, -1.8094972372055054, -1.7742034196853638, -1.7091928720474243, -1.6427370309829712, -1.5042626857757568, -1.3466465473175049, -1.148074746131897, -0.95478355884552, -0.7390568256378174, -0.5420832633972168, -0.38468581438064575, -0.2296426147222519, -0.09957871586084366, 0.0462987944483757]","[-0.7153434753417969, -0.71956866979599, -0.7396600246429443, -0.7592431306838989, -0.71689772605896, -0.6923916935920715, -0.6296910047531128, -0.5379258394241333, -0.4274784326553345, -0.3407818377017975, -0.3505639135837555, -0.29648861289024353, -0.20331406593322754, -0.08888654410839081, 0.02135702595114708, 0.2498205155134201, 0.44068726897239685, 0.6027271151542664, 0.7934173345565796, 0.9711610078811646, 1.130482792854309, 1.2661452293395996, 1.3825479745864868, 1.4518096446990967, 1.464831829071045, 1.5174856185913086, 1.5376858711242676, 1.5508346557617188, 1.5557990074157715]",29
4192,69,2,29,11,11,0.59052503,42.239975,6.307714,0.6133359325763907,1064.6976,"[-0.05726541206240654, -0.06293059140443802, -0.07581287622451782, -0.12323534488677979, -0.2339290827512741, -0.47533118724823, -0.7579309344291687, -1.0221054553985596, -1.279831886291504, -1.5270942449569702, -1.812081217765808, -1.9466829299926758, -1.9990726709365845, -2.077052593231201, -2.159477710723877, -2.1625990867614746, -2.0960652828216553, -1.9790468215942383, -1.900498390197754, -1.6551659107208252, -1.3188557624816895, -0.9425288438796997, -0.5113251805305481, -0.060006335377693176, 0.3418607711791992, 0.6934929490089417, 1.0508224964141846, 1.3826320171356201, 1.6428186893463135]","[-1.54256272315979, -1.5475143194198608, -1.5477484464645386, -1.5831128358840942, -1.6575994491577148, -1.7347396612167358, -1.781157374382019, -1.7692289352416992, -1.6151378154754639, -1.3913823366165161, -1.0679219961166382, -1.0882185697555542, -0.8810756802558899, -0.6609581112861633, -0.3310316205024719, 0.011654442176222801, 0.3475784361362457, 0.6392723917961121, 0.8545821905136108, 1.1573339700698853, 1.4498811960220337, 1.6725966930389404, 1.8137710094451904, 1.9603224992752075, 2.0766093730926514, 2.0746798515319824, 1.9727883338928223, 1.8166483640670776, 1.6153970956802368]",29
9170,152,11,29,4,4,0.17992997,43.4358,5.2280416,0.6965043182148163,1060.3823,"[0.22459006309509277, 0.34293609857559204, 0.3956610858440399, 0.2896406948566437, 0.1352304369211197, -0.029525276273489, -0.25804704427719116, -0.4628938138484955, -0.6595518589019775, -0.8236227035522461, -1.0400173664093018, -1.2044533491134644, -1.3222134113311768, -1.3800644874572754, -1.3967835903167725, -1.3013787269592285, -1.0893160104751587, -0.8001352548599243, -0.47660040855407715, -0.19296935200691223, 0.08410011976957321, 0.2916410267353058, 0.30943745374679565, 0.20990991592407227, 0.10702323168516159, -0.020463941618800163, -0.2296426147222519, -0.4753531515598297, -0.714746356010437]","[0.8575700521469116, 0.6605885028839111, 0.5340439677238464, 0.20202268660068512, -0.031667280942201614, -0.11416569352149963, -0.18223756551742554, -0.18678440153598785, -0.14916950464248657, -0.06132260337471962, -0.13291463255882263, -0.2335527092218399, -0.32838377356529236, -0.5219676494598389, -0.8096184134483337, -1.06170654296875, -1.208984136581421, -1.255518913269043, -1.1586511135101318, -0.9303206205368042, -0.775231659412384, -0.6270518898963928, -0.699068009853363, -0.9654014110565186, -1.1565440893173218, -1.3732587099075317, -1.5933619737625122, -1.7335808277130127, -1.765468716621399]",29
6039,100,23,19,14,9,0.21304226,45.52904,3.7824204,0.5922367850453252,1053.6653,"[0.9337228536605835, 1.1272834539413452, 1.070278286933899, 0.8607668280601501, 0.8456900715827942, 1.094650387763977, 1.2065995931625366, 1.0199671983718872, 0.8101546764373779, 0.8509592413902283, 1.0117309093475342, 1.0121464729309082, 0.8610983490943909, 0.7920939326286316, 0.930808961391449, 1.0551304817199707, 1.0091006755828857, 0.8578696846961975, 0.8673771619796753]","[-0.4534534513950348, -0.47559231519699097, -0.5018250942230225, -0.5152817964553833, -0.5020111203193665, -0.4524218440055847, -0.41873669624328613, -0.4274226427078247, -0.3972729444503784, -0.3610755503177643, -0.3317006826400757, -0.2980610728263855, -0.29706743359565735, -0.2679652273654938, -0.23142504692077637, -0.16155824065208435, -0.13301420211791992, -0.11954798549413681, -0.07351383566856384]",19
4132,68,2,29,11,11,0.17343509,41.813057,6.184408,0.6293171543966247,1053.2592,"[-0.11450234800577164, -0.12076699733734131, -0.16438676416873932, -0.233903169631958, -0.3571747839450836, -0.527554452419281, -0.7052462100982666, -0.874570369720459, -1.0706079006195068, -1.2576085329055786, -1.490906834602356, -1.6864523887634277, -1.7986814975738525, -1.8288815021514893, -1.9115134477615356, -1.974483847618103, -2.156543731689453, -2.125650405883789, -1.9851971864700317, -1.690699815750122, -1.3073800802230835, -1.009504795074463, -0.7312389612197876, -0.4729909598827362, -0.15541481971740723, 0.17170606553554535, 0.44844597578048706, 0.7225245237350464, 0.976240336894989]","[-1.493083119392395, -1.4855914115905762, -1.5103121995925903, -1.5957049131393433, -1.6832600831985474, -1.7347396612167358, -1.7540713548660278, -1.727677583694458, -1.6151378154754639, -1.4052106142044067, -1.1215237379074097, -0.8334893584251404, -0.6780019998550415, -0.5910637378692627, -0.6200822591781616, -0.37612974643707275, -0.06463680416345596, 0.330107182264328, 0.6993939876556396, 1.0018703937530518, 1.1823692321777344, 1.3911895751953125, 1.628136157989502, 1.8987637758255005, 2.2015295028686523, 2.3418307304382324, 2.3821940422058105, 2.3361523151397705, 2.30688214302063]",29
4197,69,1,29,11,11,0.3903302,41.61327,6.2945642,0.6361889840430648,1052.9117,"[-0.05084136128425598, -0.05726541206240654, -0.06293059140443802, -0.07581287622451782, -0.12323534488677979, -0.2339290827512741, -0.47533118724823, -0.7579309344291687, -1.0221054553985596, -1.279831886291504, -1.5270942449569702, -1.812081217765808, -1.9466829299926758, -1.9990726709365845, -2.077052593231201, -2.159477710723877, -2.1625990867614746, -2.0960652828216553, -1.9790468215942383, -1.900498390197754, -1.6551659107208252, -1.3188557624816895, -0.9425288438796997, -0.5113251805305481, -0.060006335377693176, 0.3418607711791992, 0.6934929490089417, 1.0508224964141846, 1.3826320171356201]","[-1.5467209815979004, -1.54256272315979, -1.5475143194198608, -1.5477484464645386, -1.5831128358840942, -1.6575994491577148, -1.7347396612167358, -1.781157374382019, -1.7692289352416992, -1.6151378154754639, -1.3913823366165161, -1.0679219961166382, -1.0882185697555542, -0.8810756802558899, -0.6609581112861633, -0.3310316205024719, 0.011654442176222801, 0.3475784361362457, 0.6392723917961121, 0.8545821905136108, 1.1573339700698853, 1.4498811960220337, 1.6725966930389404, 1.8137710094451904, 1.9603224992752075, 2.0766093730926514, 2.0746798515319824, 1.9727883338928223, 1.8166483640670776]",29
3717,61,8,29,11,11,0.28177917,41.50063,6.1953106,0.6081176562690176,1046.2777,"[-0.5577071905136108, -0.5584705471992493, -0.5999214053153992, -0.6564232707023621, -0.7656400203704834, -0.895265519618988, -1.0287429094314575, -1.224522352218628, -1.449493646621704, -1.680550217628479, -1.86622154712677, -1.9912374019622803, -2.0094058513641357, -1.9391323328018188, -1.810834288597107, -1.679611086845398, -1.5560296773910522, -1.4511176347732544, -1.3446394205093384, -1.2415132522583008, -1.128730058670044, -1.004640817642212, -0.8595476150512695, -0.6526081562042236, -0.4230762720108032, -0.20227842032909393, 0.0436054989695549, 0.2692875862121582, 0.4651974141597748]","[-1.2530092000961304, -1.3540138006210327, -1.392375111579895, -1.4189794063568115, -1.4163331985473633, -1.4233977794647217, -1.5174354314804077, -1.430098056793213, -1.313891053199768, -1.1517629623413086, -0.9196042418479919, -0.6748641729354858, -0.4959699809551239, -0.28837838768959045, -0.15484890341758728, -0.03137693181633949, 0.09674833714962006, 0.25216883420944214, 0.39032182097435, 0.5663894414901733, 0.7129361629486084, 0.8406141400337219, 0.9711610078811646, 1.1619848012924194, 1.297440767288208, 1.3519343137741089, 1.303504467010498, 1.1926759481430054, 1.0923489332199097]",29
7911,131,7,29,2,2,0.8388635,41.4314,6.1576586,0.6542654889917188,1046.071,"[0.1514025628566742, 0.4012967050075531, 0.6955772638320923, 0.9585784673690796, 1.1159454584121704, 1.1510677337646484, 1.103584885597229, 0.9962719082832336, 0.8259585499763489, 0.5902687907218933, 0.2945071756839752, -0.02741048112511635, -0.3052019476890564, -0.36384716629981995, -0.31838908791542053, -0.2662220597267151, -0.060235314071178436, 0.18150587379932404, 0.4181565046310425, 0.6662050485610962, 0.8782877922058105, 1.0070513486862183, 0.9975787401199341, 0.9653369188308716, 0.8208084106445312, 0.643778383731842, 0.4398435950279236, 0.23924589157104492, 0.02110418863594532]","[1.1353853940963745, 1.2658156156539917, 1.2062702178955078, 1.1413116455078125, 1.1749064922332764, 1.1161452531814575, 1.0703189373016357, 0.9467043280601501, 0.793351948261261, 0.5940676331520081, 0.4143882393836975, 0.25596752762794495, 0.1599959433078766, 0.15603455901145935, 0.1469203680753708, 0.12829482555389404, 0.09369277209043503, -0.01150492299348116, -0.13253943622112274, -0.15617023408412933, -0.1563301980495453, -0.0902288481593132, -0.08815519511699677, -0.12886084616184235, -0.27126407623291016, -0.5018706321716309, -0.699068009853363, -0.8022979497909546, -0.8270851969718933]",29
7734,128,7,29,2,2,0.8388635,41.4314,6.1576586,0.6542654889917188,1046.071,"[0.1514025628566742, 0.4012967050075531, 0.6955772638320923, 0.9585784673690796, 1.1159454584121704, 1.1510677337646484, 1.103584885597229, 0.9962719082832336, 0.8259585499763489, 0.5902687907218933, 0.2945071756839752, -0.02741048112511635, -0.3052019476890564, -0.36384716629981995, -0.31838908791542053, -0.2662220597267151, -0.060235314071178436, 0.18150587379932404, 0.4181565046310425, 0.6662050485610962, 0.8782877922058105, 1.0070513486862183, 0.9975787401199341, 0.9653369188308716, 0.8208084106445312, 0.643778383731842, 0.4398435950279236, 0.23924589157104492, 0.02110418863594532]","[1.1353853940963745, 1.2658156156539917, 1.2062702178955078, 1.1413116455078125, 1.1749064922332764, 1.1161452531814575, 1.0703189373016357, 0.9467043280601501, 0.793351948261261, 0.5940676331520081, 0.4143882393836975, 0.25596752762794495, 0.1599959433078766, 0.15603455901145935, 0.1469203680753708, 0.12829482555389404, 0.09369277209043503, -0.01150492299348116, -0.13253943622112274, -0.15617023408412933, -0.1563301980495453, -0.0902288481593132, -0.08815519511699677, -0.12886084616184235, -0.27126407623291016, -0.5018706321716309, -0.699068009853363, -0.8022979497909546, -0.8270851969718933]",29
2442,40,17,24,9,9,0.61439925,42.54295,5.3322954,0.5670319003265534,1039.1794,"[-0.022948559373617172, -0.12422628700733185, -0.21974101662635803, -0.3517741560935974, -0.4604029059410095, -0.5522285103797913, -0.6186189651489258, -0.6982633471488953, -0.7447177767753601, -0.7716854214668274, -0.7958251237869263, -0.8001352548599243, -0.7626317739486694, -0.7065605521202087, -0.6419544816017151, -0.5784215927124023, -0.5032908916473389, -0.4162099063396454, -0.31299853324890137, -0.22592130303382874, -0.14674651622772217, -0.08124256879091263, -0.036233916878700256, 0.0063575501553714275]","[-1.957230567932129, -1.9272561073303223, -1.8962310552597046, -1.8621480464935303, -1.8117893934249878, -1.7753467559814453, -1.6727482080459595, -1.5583289861679077, -1.440495252609253, -1.3271955251693726, -1.193305253982544, -1.0508159399032593, -0.9067538380622864, -0.7259844541549683, -0.5232139229774475, -0.329780250787735, -0.11740309000015259, 0.07266950607299805, 0.2472449690103531, 0.42633241415023804, 0.5548397302627563, 0.7086750864982605, 0.8239877820014954, 0.943713903427124]",24
9172,152,15,29,4,2,0.094873905,39.868076,5.475525,0.6776106151305619,995.5078,"[0.1352304369211197, -0.029525276273489, -0.25804704427719116, -0.4628938138484955, -0.6595518589019775, -0.8236227035522461, -1.0400173664093018, -1.2044533491134644, -1.3222134113311768, -1.3800644874572754, -1.3967835903167725, -1.3013787269592285, -1.0893160104751587, -0.8001352548599243, -0.47660040855407715, -0.19296935200691223, 0.08410011976957321, 0.2916410267353058, 0.30943745374679565, 0.20990991592407227, 0.10702323168516159, -0.020463941618800163, -0.2296426147222519, -0.4753531515598297, -0.714746356010437, -0.9367530941963196, -1.0993865728378296, -1.132993459701538, -0.9910436868667603]","[-0.031667280942201614, -0.11416569352149963, -0.18223756551742554, -0.18678440153598785, -0.14916950464248657, -0.06132260337471962, -0.13291463255882263, -0.2335527092218399, -0.32838377356529236, -0.5219676494598389, -0.8096184134483337, -1.06170654296875, -1.208984136581421, -1.255518913269043, -1.1586511135101318, -0.9303206205368042, -0.775231659412384, -0.6270518898963928, -0.699068009853363, -0.9654014110565186, -1.1565440893173218, -1.3732587099075317, -1.5933619737625122, -1.7335808277130127, -1.765468716621399, -1.7903798818588257, -1.8201308250427246, -1.9548559188842773, -2.054236888885498]",29
8756,145,12,29,4,2,0.008290768,39.7764,5.4295635,0.6625635395031872,991.5431,"[0.0632210224866867, 0.31239789724349976, 0.5427606105804443, 0.6640446186065674, 0.725495457649231, 0.7295119762420654, 0.565366804599762, 0.31784749031066895, 0.04751113802194595, -0.24744342267513275, -0.5637043118476868, -0.8531504273414612, -1.0281341075897217, -1.0490338802337646, -0.9229865074157715, -0.7414770722389221, -0.5263533592224121, -0.32257914543151855, -0.05094214528799057, 0.2549462914466858, 0.4987679719924927, 0.6806326508522034, 0.8066939115524292, 0.8324750661849976, 0.7827747464179993, 0.5900347232818604, 0.34030160307884216, 0.0829906165599823, -0.14928898215293884]","[1.26357901096344, 1.284852147102356, 1.2039388418197632, 1.0870046615600586, 0.9120921492576599, 0.7127334475517273, 0.5154984593391418, 0.4383050501346588, 0.5285797119140625, 0.5666390657424927, 0.5216101408004761, 0.3594319820404053, 0.08131232112646103, -0.20945461094379425, -0.4684031009674072, -0.7062432765960693, -0.7516188621520996, -0.6706339716911316, -0.6474405527114868, -0.6807249784469604, -0.7835283875465393, -0.943913459777832, -1.1581658124923706, -1.4144055843353271, -1.6141388416290283, -1.747788429260254, -1.7897288799285889, -1.7232757806777954, -1.6522822380065918]",29
10012,166,0,29,5,5,0.29987574,37.14461,5.0191193,0.6681618473124631,926.8739,"[-1.6451551914215088, -1.659475326538086, -1.668818473815918, -1.6720836162567139, -1.7093697786331177, -1.7636346817016602, -1.7848292589187622, -1.7810758352279663, -1.769619345664978, -1.7386964559555054, -1.687734842300415, -1.6307302713394165, -1.5945011377334595, -1.5615308284759521, -1.54556143283844, -1.5698305368423462, -1.6410601139068604, -1.7040722370147705, -1.7452019453048706, -1.7468560934066772, -1.7068923711776733, -1.643362045288086, -1.5591366291046143, -1.489711046218872, -1.424069881439209, -1.364194393157959, -1.3013787269592285, -1.2524166107177734, -1.1944149732589722]","[-0.23874419927597046, -0.2116791307926178, -0.19432534277439117, -0.14758503437042236, -0.08886533975601196, -0.06288132816553116, -0.015484722331166267, 0.042629875242710114, 0.0876614972949028, 0.1406410038471222, 0.19469010829925537, 0.2504940330982208, 0.2854344844818115, 0.3463272750377655, 0.4050963521003723, 0.48568370938301086, 0.5796433687210083, 0.6680142283439636, 0.7445583939552307, 0.8248116970062256, 0.8701412081718445, 0.9085919857025146, 0.9463935494422913, 0.9691131114959717, 0.978480875492096, 1.0216524600982666, 1.1085454225540161, 1.1948322057724, 1.2641172409057617]",29
658,10,5,29,0,0,0.59469104,38.528446,3.6618583,0.7391649532582516,917.38293,"[0.017661668360233307, -0.059335239231586456, -0.16199134290218353, -0.31531378626823425, -0.4530494809150696, -0.5789937376976013, -0.6875568628311157, -0.796761155128479, -1.072232961654663, -1.429525375366211, -1.4727492332458496, -1.3029640913009644, -1.0810128450393677, -0.8500316143035889, -0.5495833158493042, -0.170241117477417, 0.16661062836647034, 0.44314491748809814, 0.6321576237678528, 0.6543661952018738, 0.6355490684509277, 0.5581090450286865, 0.41084912419319153, 0.19652116298675537, -0.11355847865343094, -0.4661766290664673, -0.7593663930892944, -0.9823409914970398, -1.1654870510101318]","[1.3316996097564697, 1.3187577724456787, 1.2670527696609497, 1.1845577955245972, 1.0816758871078491, 1.0299904346466064, 0.9541897177696228, 0.9151676893234253, 1.0167436599731445, 1.1632888317108154, 1.1429446935653687, 0.9699147939682007, 0.8171221017837524, 0.8208674788475037, 0.9485045671463013, 0.963294506072998, 1.0796358585357666, 1.2138373851776123, 1.5006595849990845, 1.4580042362213135, 1.2986000776290894, 1.2022358179092407, 1.053451418876648, 0.9176390171051025, 0.8406141400337219, 0.8768674731254578, 0.8627480864524841, 0.843692421913147, 0.9999069571495056]",29
654,10,4,29,0,0,0.55060863,37.42973,3.7918034,0.7549498374194537,900.0962,"[0.0422687865793705, 0.017661668360233307, -0.059335239231586456, -0.16199134290218353, -0.31531378626823425, -0.4530494809150696, -0.5789937376976013, -0.6875568628311157, -0.796761155128479, -1.072232961654663, -1.429525375366211, -1.4727492332458496, -1.3029640913009644, -1.0810128450393677, -0.8500316143035889, -0.5495833158493042, -0.170241117477417, 0.16661062836647034, 0.44314491748809814, 0.6321576237678528, 0.6543661952018738, 0.6355490684509277, 0.5581090450286865, 0.41084912419319153, 0.19652116298675537, -0.11355847865343094, -0.4661766290664673, -0.7593663930892944, -0.9823409914970398]","[1.3450239896774292, 1.3316996097564697, 1.3187577724456787, 1.2670527696609497, 1.1845577955245972, 1.0816758871078491, 1.0299904346466064, 0.9541897177696228, 0.9151676893234253, 1.0167436599731445, 1.1632888317108154, 1.1429446935653687, 0.9699147939682007, 0.8171221017837524, 0.8208674788475037, 0.9485045671463013, 0.963294506072998, 1.0796358585357666, 1.2138373851776123, 1.5006595849990845, 1.4580042362213135, 1.2986000776290894, 1.2022358179092407, 1.053451418876648, 0.9176390171051025, 0.8406141400337219, 0.8768674731254578, 0.8627480864524841, 0.843692421913147]",29
9538,158,8,29,5,5,0.22717667,35.293396,5.13795,0.6380872999110607,891.91077,"[-1.600995659828186, -1.5700771808624268, -1.5203664302825928, -1.4648804664611816, -1.4287182092666626, -1.3949511051177979, -1.3978990316390991, -1.4295647144317627, -1.5170778036117554, -1.598253607749939, -1.6605194807052612, -1.6735860109329224, -1.6585376262664795, -1.5960241556167603, -1.524768590927124, -1.4450795650482178, -1.3910374641418457, -1.342449426651001, -1.2905914783477783, -1.2524166107177734, -1.2273141145706177, -1.2136616706848145, -1.1327548027038574, -1.0049543380737305, -0.8684424757957458, -0.734068751335144, -0.611900806427002, -0.48478737473487854, -0.34731245040893555]","[0.15534716844558716, 0.15445148944854736, 0.19469010829925537, 0.20912854373455048, 0.23183277249336243, 0.27931472659111023, 0.33742478489875793, 0.41578951478004456, 0.44951096177101135, 0.5337263345718384, 0.622410774230957, 0.6701954007148743, 0.5285797119140625, 1.0329630374908447, 0.5688461661338806, 0.5783041715621948, 0.6381500363349915, 0.7138590812683105, 0.8431239724159241, 0.9434958696365356, 1.0436309576034546, 1.1082888841629028, 1.2068605422973633, 1.3037109375, 1.3756450414657593, 1.4284359216690063, 1.4221484661102295, 1.4218862056732178, 1.4465988874435425]",29
9530,158,9,29,5,5,0.23654461,34.530212,5.3282566,0.6251743365196785,881.7107,"[-1.5700771808624268, -1.5203664302825928, -1.4648804664611816, -1.4287182092666626, -1.3949511051177979, -1.3978990316390991, -1.4295647144317627, -1.5170778036117554, -1.598253607749939, -1.6605194807052612, -1.6735860109329224, -1.6585376262664795, -1.5960241556167603, -1.524768590927124, -1.4450795650482178, -1.3910374641418457, -1.342449426651001, -1.2905914783477783, -1.2524166107177734, -1.2273141145706177, -1.2136616706848145, -1.1327548027038574, -1.0049543380737305, -0.8684424757957458, -0.734068751335144, -0.611900806427002, -0.48478737473487854, -0.34731245040893555, -0.2296426147222519]","[0.15445148944854736, 0.19469010829925537, 0.20912854373455048, 0.23183277249336243, 0.27931472659111023, 0.33742478489875793, 0.41578951478004456, 0.44951096177101135, 0.5337263345718384, 0.622410774230957, 0.6701954007148743, 0.5285797119140625, 1.0329630374908447, 0.5688461661338806, 0.5783041715621948, 0.6381500363349915, 0.7138590812683105, 0.8431239724159241, 0.9434958696365356, 1.0436309576034546, 1.1082888841629028, 1.2068605422973633, 1.3037109375, 1.3756450414657593, 1.4284359216690063, 1.4221484661102295, 1.4218862056732178, 1.4465988874435425, 1.4815196990966797]",29
6157,102,25,19,14,9,0.06836605,38.154465,2.8316913,0.5985075805403854,877.9654,"[0.8963756561279297, 0.8823972344398499, 0.8782877922058105, 0.8756248354911804, 0.9095341563224792, 0.8778835535049438, 0.8742428421974182, 0.8405706882476807, 0.9013992547988892, 0.8556040525436401, 0.8801970481872559, 0.8668407201766968, 0.8479128479957581, 0.8626711368560791, 0.8898766040802002, 0.8761894702911377, 0.8945547342300415, 0.8718153238296509, 0.885413646697998]","[-0.28636977076530457, -0.09371015429496765, -0.0620533749461174, -0.18465493619441986, -0.22981369495391846, -0.09742972254753113, -0.0035293973051011562, -0.1733037382364273, -0.1939709484577179, -0.09043415635824203, 0.11834526807069778, 0.057942330837249756, -0.006760657764971256, 0.07704046368598938, 0.26107051968574524, 0.22566619515419006, 0.1280032992362976, 0.1734403520822525, 0.3200114965438843]",19
9992,166,6,19,5,5,0.016311884,35.771988,4.3071175,0.5674134231856014,873.024,"[-1.7848292589187622, -1.7810758352279663, -1.769619345664978, -1.7386964559555054, -1.687734842300415, -1.6307302713394165, -1.5945011377334595, -1.5615308284759521, -1.54556143283844, -1.5698305368423462, -1.6410601139068604, -1.7040722370147705, -1.7452019453048706, -1.7468560934066772, -1.7068923711776733, -1.643362045288086, -1.5591366291046143, -1.489711046218872, -1.424069881439209]","[-0.015484722331166267, 0.042629875242710114, 0.0876614972949028, 0.1406410038471222, 0.19469010829925537, 0.2504940330982208, 0.2854344844818115, 0.3463272750377655, 0.4050963521003723, 0.48568370938301086, 0.5796433687210083, 0.6680142283439636, 0.7445583939552307, 0.8248116970062256, 0.8701412081718445, 0.9085919857025146, 0.9463935494422913, 0.9691131114959717, 0.978480875492096]",19
2133,35,8,19,8,8,0.18716669,36.6697,3.4125865,0.5985075805403854,865.69696,"[-0.5893071889877319, -0.6111539006233215, -0.5685568451881409, -0.46988916397094727, -0.3616010844707489, -0.30182138085365295, -0.3115331828594208, -0.35039955377578735, -0.4014135003089905, -0.45789286494255066, -0.5234349370002747, -0.6472979187965393, -0.6784338355064392, -0.49587583541870117, -0.35773226618766785, -0.3282549977302551, -0.31335723400115967, -0.2990879416465759, -0.2959844768047333]","[-0.020682593807578087, -0.34374672174453735, -0.6267179846763611, -0.8670976161956787, -0.9875195026397705, -1.0212059020996094, -1.0164775848388672, -0.9965959191322327, -0.9091952443122864, -0.7341439723968506, -0.5226244330406189, -0.22651086747646332, 0.0007796417339704931, 0.16243302822113037, 0.5216101408004761, 0.8909784555435181, 1.1949881315231323, 1.3909378051757812, 1.4833059310913086]",19
9534,158,6,29,5,5,0.29292345,34.58766,4.6722565,0.6621177050826481,865.0268,"[-1.630785346031189, -1.6348289251327515, -1.600995659828186, -1.5700771808624268, -1.5203664302825928, -1.4648804664611816, -1.4287182092666626, -1.3949511051177979, -1.3978990316390991, -1.4295647144317627, -1.5170778036117554, -1.598253607749939, -1.6605194807052612, -1.6735860109329224, -1.6585376262664795, -1.5960241556167603, -1.524768590927124, -1.4450795650482178, -1.3910374641418457, -1.342449426651001, -1.2905914783477783, -1.2524166107177734, -1.2273141145706177, -1.2136616706848145, -1.1327548027038574, -1.0049543380737305, -0.8684424757957458, -0.734068751335144, -0.611900806427002]","[0.08715782314538956, 0.09529688209295273, 0.15534716844558716, 0.15445148944854736, 0.19469010829925537, 0.20912854373455048, 0.23183277249336243, 0.27931472659111023, 0.33742478489875793, 0.41578951478004456, 0.44951096177101135, 0.5337263345718384, 0.622410774230957, 0.6701954007148743, 0.5285797119140625, 1.0329630374908447, 0.5688461661338806, 0.5783041715621948, 0.6381500363349915, 0.7138590812683105, 0.8431239724159241, 0.9434958696365356, 1.0436309576034546, 1.1082888841629028, 1.2068605422973633, 1.3037109375, 1.3756450414657593, 1.4284359216690063, 1.4221484661102295]",29
3290,54,15,29,10,10,2.8529062,30.808048,7.246381,0.5718908322423102,862.1469,"[0.415873646736145, 0.4888342618942261, 0.5766494274139404, 0.6741908192634583, 0.7699118256568909, 0.8340087532997131, 0.8882390260696411, 0.9465990662574768, 0.978354275226593, 1.0172696113586426, 1.081122636795044, 1.1310628652572632, 1.1826821565628052, 1.2479908466339111, 1.3056212663650513, 1.3259413242340088, 1.3440006971359253, 1.3377187252044678, 1.2926689386367798, 1.2958455085754395, 1.3002185821533203, 1.305809497833252, 1.3083889484405518, 1.3208874464035034, 1.3299874067306519, 1.3431766033172607, 1.356806993484497, 1.3419462442398071, 1.3091400861740112]","[-1.5698866844177246, -1.6319154500961304, -1.6738348007202148, -1.7134977579116821, -1.7416150569915771, -1.7379440069198608, -1.7496038675308228, -1.7596466541290283, -1.719683051109314, -1.651146411895752, -1.6098147630691528, -1.530157208442688, -1.4289628267288208, -1.302799940109253, -1.2373350858688354, -1.1345890760421753, -1.0272493362426758, -0.9400048851966858, -0.8061837553977966, -0.6836539506912231, -0.540572464466095, -0.45216044783592224, -0.3577684760093689, -0.18963222205638885, -0.020418569445610046, 0.10140815377235413, 0.1683414876461029, 0.27790626883506775, 0.3452715575695038]",29
1362,22,0,24,7,9,0.13308525,34.93607,4.5002813,0.557110047851368,861.5853,"[0.09009045362472534, 0.09197121113538742, 0.09531674534082413, 0.09119976311922073, 0.07177653908729553, -0.0024739631917327642, -0.17233262956142426, -0.41268473863601685, -0.6419918537139893, -0.8640555143356323, -1.0601710081100464, -1.19539475440979, -1.2525972127914429, -1.228371262550354, -1.1764053106307983, -1.105792760848999, -0.9761708974838257, -0.7400351166725159, -0.487097829580307, -0.2074873298406601, 0.03543813154101372, 0.2257525771856308, 0.35163453221321106, 0.38648295402526855]","[0.21838684380054474, 0.2209811806678772, 0.22619736194610596, 0.23647630214691162, 0.26023441553115845, 0.27634698152542114, 0.3309062123298645, 0.34543681144714355, 0.37203535437583923, 0.41739118099212646, 0.4452378749847412, 0.44367367029190063, 0.41938096284866333, 0.4402146339416504, 0.4050963521003723, 0.41578951478004456, 0.44951096177101135, 0.5038920044898987, 0.5154984593391418, 0.5619978904724121, 0.6062411069869995, 0.6288245320320129, 0.5845460295677185, 0.5783041715621948]",24
351,5,0,29,0,0,0.64175034,34.986607,4.3790154,0.5972612475219523,860.96564,"[0.8581241965293884, 0.8629716634750366, 0.8772568702697754, 0.8331577777862549, 0.7409400939941406, 0.4906654357910156, 0.1769081950187683, -0.2664378583431244, -0.7263310551643372, -0.9378229975700378, -1.1647560596466064, -1.3301644325256348, -1.4287182092666626, -1.3949511051177979, -1.345170259475708, -1.127385139465332, -0.8972837924957275, -0.3520742356777191, 0.10561719536781311, 0.5622286796569824, 0.8702903985977173, 1.1484755277633667, 1.2898656129837036, 1.31340754032135, 1.2812458276748657, 1.189847469329834, 0.9797059893608093, 0.6282976269721985, 0.087008535861969]","[0.20605802536010742, 0.2333703190088272, 0.2014574259519577, 0.07543367892503738, -0.3632005453109741, -0.5528900027275085, -0.42599958181381226, -0.4049827754497528, -0.23737093806266785, 0.1406410038471222, 0.3199639916419983, 1.0093837976455688, 1.223348617553711, 1.2446564435958862, 0.9737845659255981, 0.5276687741279602, 0.03032846935093403, -0.24190658330917358, -0.18678440153598785, -0.1800927221775055, -0.23206976056098938, 0.28680408000946045, 0.7104178667068481, 0.8440433740615845, 0.7928459644317627, 0.46762439608573914, -0.18733273446559906, -0.47058558464050293, -0.5783458948135376]",29
653,10,6,29,0,0,0.6536107,35.820312,3.571628,0.7422510930852719,860.66766,"[-0.059335239231586456, -0.16199134290218353, -0.31531378626823425, -0.4530494809150696, -0.5789937376976013, -0.6875568628311157, -0.796761155128479, -1.072232961654663, -1.429525375366211, -1.4727492332458496, -1.3029640913009644, -1.0810128450393677, -0.8500316143035889, -0.5495833158493042, -0.170241117477417, 0.16661062836647034, 0.44314491748809814, 0.6321576237678528, 0.6543661952018738, 0.6355490684509277, 0.5581090450286865, 0.41084912419319153, 0.19652116298675537, -0.11355847865343094, -0.4661766290664673, -0.7593663930892944, -0.9823409914970398, -1.1654870510101318, -1.32607901096344]","[1.3187577724456787, 1.2670527696609497, 1.1845577955245972, 1.0816758871078491, 1.0299904346466064, 0.9541897177696228, 0.9151676893234253, 1.0167436599731445, 1.1632888317108154, 1.1429446935653687, 0.9699147939682007, 0.8171221017837524, 0.8208674788475037, 0.9485045671463013, 0.963294506072998, 1.0796358585357666, 1.2138373851776123, 1.5006595849990845, 1.4580042362213135, 1.2986000776290894, 1.2022358179092407, 1.053451418876648, 0.9176390171051025, 0.8406141400337219, 0.8768674731254578, 0.8627480864524841, 0.843692421913147, 0.9999069571495056, 1.2145216464996338]",29
3411,56,15,29,10,10,2.9317782,30.517017,7.3356285,0.5653800259925754,858.67816,"[0.3295048177242279, 0.4099469780921936, 0.4943529963493347, 0.5895081758499146, 0.6843876242637634, 0.7735187411308289, 0.8409009575843811, 0.9008142948150635, 0.9672108888626099, 1.039272427558899, 1.092023253440857, 1.163480520248413, 1.2370303869247437, 1.3246610164642334, 1.3606208562850952, 1.413338303565979, 1.418742299079895, 1.4206123352050781, 1.3729145526885986, 1.3936655521392822, 1.395662546157837, 1.3991949558258057, 1.4004749059677124, 1.4217129945755005, 1.4308658838272095, 1.453047513961792, 1.4474300146102905, 1.4217917919158936, 1.3869736194610596]","[-1.5698866844177246, -1.6174286603927612, -1.6588853597640991, -1.682960867881775, -1.6951966285705566, -1.706892967224121, -1.7029982805252075, -1.7438788414001465, -1.7040156126022339, -1.666649341583252, -1.6098147630691528, -1.5457385778427124, -1.460388422012329, -1.3657958507537842, -1.2373350858688354, -1.1345890760421753, -1.0272493362426758, -0.9243234992027283, -0.8061837553977966, -0.6687914729118347, -0.540572464466095, -0.4096773564815521, -0.2875911295413971, -0.1756255030632019, -0.03446267545223236, 0.060008659958839417, 0.2354947179555893, 0.33013924956321716, 0.37053126096725464]",29
6153,102,23,19,14,14,0.33915925,37.246227,2.7039278,0.6354809727692818,857.81647,"[0.8666892647743225, 0.8633071780204773, 0.8963756561279297, 0.8823972344398499, 0.8782877922058105, 0.8756248354911804, 0.9095341563224792, 0.8778835535049438, 0.8742428421974182, 0.8405706882476807, 0.9013992547988892, 0.8556040525436401, 0.8801970481872559, 0.8668407201766968, 0.8479128479957581, 0.8626711368560791, 0.8898766040802002, 0.8761894702911377, 0.8945547342300415]","[-0.0469767302274704, -0.24351535737514496, -0.28636977076530457, -0.09371015429496765, -0.0620533749461174, -0.18465493619441986, -0.22981369495391846, -0.09742972254753113, -0.0035293973051011562, -0.1733037382364273, -0.1939709484577179, -0.09043415635824203, 0.11834526807069778, 0.057942330837249756, -0.006760657764971256, 0.07704046368598938, 0.26107051968574524, 0.22566619515419006, 0.1280032992362976]",19
3231,53,13,29,10,10,2.9283204,30.059824,7.5364122,0.5782682622507218,856.2022,"[0.19786421954631805, 0.3001646399497986, 0.3942813575267792, 0.4888342618942261, 0.6119020581245422, 0.7225984334945679, 0.8431821465492249, 0.9307807087898254, 0.9947186708450317, 1.0610015392303467, 1.1459097862243652, 1.2262107133865356, 1.3202605247497559, 1.4337767362594604, 1.5523278713226318, 1.686098337173462, 1.7896393537521362, 1.8504360914230347, 1.8992091417312622, 1.8970369100570679, 1.8946419954299927, 1.9122034311294556, 1.8920292854309082, 1.8941752910614014, 1.9162311553955078, 1.9349381923675537, 1.962706208229065, 1.9658104181289673, 1.9459035396575928]","[-1.9328563213348389, -1.9506630897521973, -2.0033886432647705, -2.036611318588257, -2.061619281768799, -2.0798745155334473, -2.081770420074463, -2.06394624710083, -2.0605313777923584, -2.074258327484131, -2.0166900157928467, -1.9605380296707153, -1.8867624998092651, -1.8112276792526245, -1.7117925882339478, -1.5862139463424683, -1.4577453136444092, -1.3074263334274292, -1.1689753532409668, -1.018209457397461, -0.8367976546287537, -0.6687914729118347, -0.540572464466095, -0.36713317036628723, -0.2033419907093048, -0.02118825726211071, 0.13443078100681305, 0.2947447597980499, 0.4370115101337433]",29
3359,55,9,29,10,10,2.9644601,29.883173,7.4993095,0.60833645625636,853.0595,"[-0.3898513615131378, -0.307040274143219, -0.21074560284614563, -0.12329157441854477, -0.031149234622716904, 0.05762293189764023, 0.14605450630187988, 0.21838052570819855, 0.3180292248725891, 0.43227648735046387, 0.5499747395515442, 0.6404028534889221, 0.7226173877716064, 0.7978873252868652, 0.8555458784103394, 0.940288245677948, 1.0050437450408936, 1.077014684677124, 1.1500844955444336, 1.2370623350143433, 1.2945871353149414, 1.3368446826934814, 1.30133056640625, 1.296325445175171, 1.2826576232910156, 1.2762713432312012, 1.2811201810836792, 1.296441912651062, 1.2899622917175293]","[-1.8799530267715454, -1.879638671875, -1.8605324029922485, -1.8182882070541382, -1.8256475925445557, -1.8424001932144165, -1.905524492263794, -1.9210284948349, -1.9125109910964966, -1.9119547605514526, -1.8807361125946045, -1.8310970067977905, -1.765116572380066, -1.7753467559814453, -1.7040156126022339, -1.6202073097229004, -1.5174766778945923, -1.4364670515060425, -1.3032606840133667, -1.1768078804016113, -1.0484120845794678, -0.8988894820213318, -0.7910167574882507, -0.6427332758903503, -0.515384316444397, -0.41670507192611694, -0.29706743359565735, -0.16879728436470032, 0.007250587921589613]",29
3113,51,6,29,10,10,3.3090127,30.015125,7.416936,0.5724307406818641,851.43207,"[-0.8604594469070435, -0.851425290107727, -0.8106157183647156, -0.7797731161117554, -0.6835785508155823, -0.5942631959915161, -0.45485737919807434, -0.2810460329055786, -0.10061788558959961, 0.08127763867378235, 0.25217270851135254, 0.41205623745918274, 0.5532335042953491, 0.6843876242637634, 0.8098004460334778, 0.9237119555473328, 1.0152759552001953, 1.1012206077575684, 1.1602591276168823, 1.2006916999816895, 1.2391588687896729, 1.2696839570999146, 1.280833125114441, 1.2836099863052368, 1.238487958908081, 1.1518471240997314, 1.037363052368164, 0.9114105105400085, 0.8164556622505188]","[-1.6832600831985474, -1.7215445041656494, -1.7540713548660278, -1.7553585767745972, -1.7543646097183228, -1.791509985923767, -1.7781158685684204, -1.8122103214263916, -1.8559110164642334, -1.8775547742843628, -1.863205909729004, -1.8378925323486328, -1.7745716571807861, -1.6797685623168945, -1.582688808441162, -1.4853489398956299, -1.3663311004638672, -1.2350716590881348, -1.140683889389038, -0.9942944049835205, -0.8431636095046997, -0.6433921456336975, -0.3894258737564087, -0.1668393462896347, 0.04397625848650932, 0.21698632836341858, 0.3899444341659546, 0.5254238247871399, 0.6954859495162964]",29
5985,99,20,24,14,9,0.30149865,34.915737,3.980826,0.6447732678593723,849.97815,"[1.2090855836868286, 1.243090033531189, 1.2440811395645142, 1.1570532321929932, 1.0722482204437256, 1.113768219947815, 1.1851110458374023, 1.2370303869247437, 1.1822490692138672, 1.1185550689697266, 1.161994218826294, 1.247896432876587, 1.2445435523986816, 1.1521998643875122, 1.0806307792663574, 1.0997570753097534, 1.137677550315857, 1.1518336534500122, 1.11013925075531, 1.0549417734146118, 1.068475365638733, 1.1483367681503296, 1.1734035015106201, 1.1448442935943604]","[-0.8220392465591431, -0.8635608553886414, -0.941547691822052, -1.0474671125411987, -1.0788055658340454, -1.0250073671340942, -1.030476450920105, -1.0047520399093628, -1.0665309429168701, -1.0956767797470093, -0.977433443069458, -0.9484598636627197, -0.9243234992027283, -0.9745274186134338, -0.9357404112815857, -0.8127287030220032, -0.763927161693573, -0.7087762951850891, -0.6949036717414856, -0.7240806221961975, -0.6304197311401367, -0.5302937030792236, -0.505531907081604, -0.5135098695755005]",24
382,6,19,14,0,0,0.5361581,36.158287,2.7841651,0.6097568746741758,837.1786,"[0.4644509553909302, -0.13395944237709045, -0.73244309425354, -1.3417481184005737, -1.7689316272735596, -1.9189330339431763, -1.9075918197631836, -1.8419150114059448, -1.665507197380066, -1.238242745399475, -0.6195876002311707, 0.13481174409389496, 0.906259298324585, 1.4516706466674805]","[-1.3396131992340088, -1.768994927406311, -1.9361604452133179, -1.8068146705627441, -1.4382762908935547, -1.2644404172897339, -1.2866649627685547, -1.4052369594573975, -1.538918375968933, -1.838197946548462, -2.0717110633850098, -2.124567747116089, -1.7989517450332642, -1.1590720415115356]",14
899,14,7,29,7,0,0.62071896,33.564713,4.314402,0.5627847244572997,828.86554,"[1.467570185661316, 1.4445304870605469, 1.2751480340957642, 0.9690153002738953, 0.6391875743865967, 0.35332775115966797, 0.0521136038005352, -0.2904306948184967, -0.6201630234718323, -0.8296994566917419, -0.8576452136039734, -0.7290745973587036, -0.561773955821991, -0.3033570349216461, 0.07193486392498016, 0.47751280665397644, 0.8443446159362793, 1.1602591276168823, 1.4724186658859253, 1.8013259172439575, 2.030613660812378, 2.1680338382720947, 2.1417043209075928, 1.948792815208435, 1.6109511852264404, 1.2445435523986816, 0.8511874079704285, 0.4838468134403229, 0.1547452211380005]","[0.22696459293365479, 0.25017765164375305, 0.1960030198097229, 0.11115387082099915, 0.07114306092262268, 0.08439899981021881, 0.15866892039775848, 0.18851186335086823, 0.2759402394294739, 0.4784224331378937, 0.5785104632377625, 0.5002631545066833, 0.40738165378570557, 0.34234070777893066, 0.19352558255195618, 0.09682667255401611, 0.031157920137047768, 0.03487003967165947, 0.12911808490753174, 0.3122805953025818, 0.47211259603500366, 0.5397311449050903, 0.5572975277900696, 0.499693900346756, 0.295775830745697, 0.10828651487827301, 0.03560040146112442, 0.08746782690286636, 0.16129130125045776]",29
5452,90,14,29,13,2,0.51237655,30.680151,5.4271364,0.6957107398487565,811.20264,"[0.8380855321884155, 0.8799113035202026, 0.9058172702789307, 0.9293577671051025, 0.9524421095848083, 0.9531504511833191, 0.9429163932800293, 0.9119080305099487, 0.8665052652359009, 0.8332012295722961, 0.7973557114601135, 0.7877071499824524, 0.7959313988685608, 0.8130924105644226, 0.8317970037460327, 0.8545345664024353, 0.8888435959815979, 0.8955503106117249, 0.8923525810241699, 0.8913363218307495, 0.8947522044181824, 0.8897708058357239, 0.885527491569519, 0.8755291104316711, 0.8626711368560791, 0.8623814582824707, 0.8487334847450256, 0.8401995301246643, 0.8185697793960571]","[1.0956172943115234, 1.0730501413345337, 1.0421617031097412, 0.9961291551589966, 0.9277136921882629, 0.8248116970062256, 0.7148858308792114, 0.5977315902709961, 0.44297435879707336, 0.3125649392604828, 0.17412996292114258, 0.052136555314064026, -0.04683121293783188, -0.12490445375442505, -0.23193588852882385, -0.3400527238845825, -0.49028491973876953, -0.6020033955574036, -0.75223308801651, -0.8367976546287537, -0.9208779335021973, -0.998992919921875, -1.0331496000289917, -1.1159502267837524, -1.2002356052398682, -1.2588491439819336, -1.307068109512329, -1.3364201784133911, -1.3673195838928223]",29
892,14,8,29,7,0,0.6826503,32.11932,4.382228,0.5636070234763872,802.0336,"[1.4445304870605469, 1.2751480340957642, 0.9690153002738953, 0.6391875743865967, 0.35332775115966797, 0.0521136038005352, -0.2904306948184967, -0.6201630234718323, -0.8296994566917419, -0.8576452136039734, -0.7290745973587036, -0.561773955821991, -0.3033570349216461, 0.07193486392498016, 0.47751280665397644, 0.8443446159362793, 1.1602591276168823, 1.4724186658859253, 1.8013259172439575, 2.030613660812378, 2.1680338382720947, 2.1417043209075928, 1.948792815208435, 1.6109511852264404, 1.2445435523986816, 0.8511874079704285, 0.4838468134403229, 0.1547452211380005, -0.17922858893871307]","[0.25017765164375305, 0.1960030198097229, 0.11115387082099915, 0.07114306092262268, 0.08439899981021881, 0.15866892039775848, 0.18851186335086823, 0.2759402394294739, 0.4784224331378937, 0.5785104632377625, 0.5002631545066833, 0.40738165378570557, 0.34234070777893066, 0.19352558255195618, 0.09682667255401611, 0.031157920137047768, 0.03487003967165947, 0.12911808490753174, 0.3122805953025818, 0.47211259603500366, 0.5397311449050903, 0.5572975277900696, 0.499693900346756, 0.295775830745697, 0.10828651487827301, 0.03560040146112442, 0.08746782690286636, 0.16129130125045776, 0.27047961950302124]",29
885,14,5,24,7,0,0.3568957,32.210697,3.5048702,0.6832225986023901,783.5212,"[1.3561309576034546, 1.4196674823760986, 1.467570185661316, 1.4445304870605469, 1.2751480340957642, 0.9690153002738953, 0.6391875743865967, 0.35332775115966797, 0.0521136038005352, -0.2904306948184967, -0.6201630234718323, -0.8296994566917419, -0.8576452136039734, -0.7290745973587036, -0.561773955821991, -0.3033570349216461, 0.07193486392498016, 0.47751280665397644, 0.8443446159362793, 1.1602591276168823, 1.4724186658859253, 1.8013259172439575, 2.030613660812378, 2.1680338382720947]","[0.1632344275712967, 0.20260286331176758, 0.22696459293365479, 0.25017765164375305, 0.1960030198097229, 0.11115387082099915, 0.07114306092262268, 0.08439899981021881, 0.15866892039775848, 0.18851186335086823, 0.2759402394294739, 0.4784224331378937, 0.5785104632377625, 0.5002631545066833, 0.40738165378570557, 0.34234070777893066, 0.19352558255195618, 0.09682667255401611, 0.031157920137047768, 0.03487003967165947, 0.12911808490753174, 0.3122805953025818, 0.47211259603500366, 0.5397311449050903]",24
7118,118,17,19,1,9,0.26227546,32.14464,3.663971,0.5964194076160994,782.63293,"[-0.6577385067939758, -0.7895531058311462, -0.9038698673248291, -0.9930202960968018, -1.0518825054168701, -1.0670992136001587, -1.0765384435653687, -1.0941424369812012, -1.1033679246902466, -1.0419256687164307, -0.9806199669837952, -1.0192173719406128, -1.0376861095428467, -1.0562613010406494, -1.0476795434951782, -1.0030642747879028, -0.9447205066680908, -0.8760252594947815, -0.8188899755477905]","[0.13099251687526703, -0.018798526376485825, -0.14916950464248657, -0.24762874841690063, -0.30389124155044556, -0.29648861289024353, -0.23458150029182434, -0.11982548981904984, -0.07098077982664108, -0.03125006705522537, 0.1736038774251938, 0.46095219254493713, 0.7619304060935974, 1.0968855619430542, 1.3825005292892456, 1.5478031635284424, 1.6121195554733276, 1.5259299278259277, 1.378878116607666]",19
5456,90,12,29,13,2,0.45169568,29.297363,5.241109,0.6795461740729687,777.15784,"[0.7884342074394226, 0.8120836615562439, 0.8380855321884155, 0.8799113035202026, 0.9058172702789307, 0.9293577671051025, 0.9524421095848083, 0.9531504511833191, 0.9429163932800293, 0.9119080305099487, 0.8665052652359009, 0.8332012295722961, 0.7973557114601135, 0.7877071499824524, 0.7959313988685608, 0.8130924105644226, 0.8317970037460327, 0.8545345664024353, 0.8888435959815979, 0.8955503106117249, 0.8923525810241699, 0.8913363218307495, 0.8947522044181824, 0.8897708058357239, 0.885527491569519, 0.8755291104316711, 0.8626711368560791, 0.8623814582824707, 0.8487334847450256]","[1.2501496076583862, 1.1642063856124878, 1.0956172943115234, 1.0730501413345337, 1.0421617031097412, 0.9961291551589966, 0.9277136921882629, 0.8248116970062256, 0.7148858308792114, 0.5977315902709961, 0.44297435879707336, 0.3125649392604828, 0.17412996292114258, 0.052136555314064026, -0.04683121293783188, -0.12490445375442505, -0.23193588852882385, -0.3400527238845825, -0.49028491973876953, -0.6020033955574036, -0.75223308801651, -0.8367976546287537, -0.9208779335021973, -0.998992919921875, -1.0331496000289917, -1.1159502267837524, -1.2002356052398682, -1.2588491439819336, -1.307068109512329]",29
891,14,9,29,7,0,0.54889727,30.855639,4.36236,0.5539215387330121,775.6797,"[1.2751480340957642, 0.9690153002738953, 0.6391875743865967, 0.35332775115966797, 0.0521136038005352, -0.2904306948184967, -0.6201630234718323, -0.8296994566917419, -0.8576452136039734, -0.7290745973587036, -0.561773955821991, -0.3033570349216461, 0.07193486392498016, 0.47751280665397644, 0.8443446159362793, 1.1602591276168823, 1.4724186658859253, 1.8013259172439575, 2.030613660812378, 2.1680338382720947, 2.1417043209075928, 1.948792815208435, 1.6109511852264404, 1.2445435523986816, 0.8511874079704285, 0.4838468134403229, 0.1547452211380005, -0.17922858893871307, -0.4414302706718445]","[0.1960030198097229, 0.11115387082099915, 0.07114306092262268, 0.08439899981021881, 0.15866892039775848, 0.18851186335086823, 0.2759402394294739, 0.4784224331378937, 0.5785104632377625, 0.5002631545066833, 0.40738165378570557, 0.34234070777893066, 0.19352558255195618, 0.09682667255401611, 0.031157920137047768, 0.03487003967165947, 0.12911808490753174, 0.3122805953025818, 0.47211259603500366, 0.5397311449050903, 0.5572975277900696, 0.499693900346756, 0.295775830745697, 0.10828651487827301, 0.03560040146112442, 0.08746782690286636, 0.16129130125045776, 0.27047961950302124, 0.3863414525985718]",29
7129,118,15,24,1,9,0.25374222,30.02688,4.1173954,0.6183411239661452,754.9765,"[-0.3611677587032318, -0.502848207950592, -0.6577385067939758, -0.7895531058311462, -0.9038698673248291, -0.9930202960968018, -1.0518825054168701, -1.0670992136001587, -1.0765384435653687, -1.0941424369812012, -1.1033679246902466, -1.0419256687164307, -0.9806199669837952, -1.0192173719406128, -1.0376861095428467, -1.0562613010406494, -1.0476795434951782, -1.0030642747879028, -0.9447205066680908, -0.8760252594947815, -0.8188899755477905, -0.7582752704620361, -0.7085456252098083, -0.6677653193473816]","[0.40177443623542786, 0.23270738124847412, 0.13099251687526703, -0.018798526376485825, -0.14916950464248657, -0.24762874841690063, -0.30389124155044556, -0.29648861289024353, -0.23458150029182434, -0.11982548981904984, -0.07098077982664108, -0.03125006705522537, 0.1736038774251938, 0.46095219254493713, 0.7619304060935974, 1.0968855619430542, 1.3825005292892456, 1.5478031635284424, 1.6121195554733276, 1.5259299278259277, 1.378878116607666, 1.2198594808578491, 1.0321909189224243, 0.8630518317222595]",24
5459,90,11,29,13,2,0.36270308,28.047977,5.2732916,0.7097200168794235,754.6443,"[0.7946416139602661, 0.7884342074394226, 0.8120836615562439, 0.8380855321884155, 0.8799113035202026, 0.9058172702789307, 0.9293577671051025, 0.9524421095848083, 0.9531504511833191, 0.9429163932800293, 0.9119080305099487, 0.8665052652359009, 0.8332012295722961, 0.7973557114601135, 0.7877071499824524, 0.7959313988685608, 0.8130924105644226, 0.8317970037460327, 0.8545345664024353, 0.8888435959815979, 0.8955503106117249, 0.8923525810241699, 0.8913363218307495, 0.8947522044181824, 0.8897708058357239, 0.885527491569519, 0.8755291104316711, 0.8626711368560791, 0.8623814582824707]","[1.3543171882629395, 1.2501496076583862, 1.1642063856124878, 1.0956172943115234, 1.0730501413345337, 1.0421617031097412, 0.9961291551589966, 0.9277136921882629, 0.8248116970062256, 0.7148858308792114, 0.5977315902709961, 0.44297435879707336, 0.3125649392604828, 0.17412996292114258, 0.052136555314064026, -0.04683121293783188, -0.12490445375442505, -0.23193588852882385, -0.3400527238845825, -0.49028491973876953, -0.6020033955574036, -0.75223308801651, -0.8367976546287537, -0.9208779335021973, -0.998992919921875, -1.0331496000289917, -1.1159502267837524, -1.2002356052398682, -1.2588491439819336]",29
5338,88,15,29,13,13,0.42098856,28.710474,4.839778,0.703029102586767,754.55426,"[0.512954831123352, 0.5339290499687195, 0.5531273484230042, 0.5532335042953491, 0.5255302786827087, 0.4952135384082794, 0.4623200297355652, 0.42031174898147583, 0.3752817213535309, 0.3684440851211548, 0.3638222813606262, 0.3851217031478882, 0.42175254225730896, 0.44844597578048706, 0.45850449800491333, 0.4517458379268646, 0.447155237197876, 0.43665146827697754, 0.4298323392868042, 0.42512452602386475, 0.4220273196697235, 0.4278722405433655, 0.45190611481666565, 0.47775229811668396, 0.48640987277030945, 0.5008006691932678, 0.4957476854324341, 0.4726332426071167, 0.46173226833343506]","[0.793351948261261, 0.6952885389328003, 0.6232300400733948, 0.5307998657226562, 0.4383050501346588, 0.3267817199230194, 0.19352558255195618, 0.06535892188549042, -0.07824435830116272, -0.22807914018630981, -0.37870776653289795, -0.49963313341140747, -0.6590710878372192, -0.78311687707901, -0.9067538380622864, -1.0245462656021118, -1.1374731063842773, -1.2685718536376953, -1.3571686744689941, -1.4251147508621216, -1.5003594160079956, -1.5857963562011719, -1.6495280265808105, -1.7335808277130127, -1.8217664957046509, -1.8593988418579102, -1.833538293838501, -1.759010672569275, -1.675355076789856]",29
5455,90,10,29,13,2,0.34369326,27.757092,5.3021235,0.6963835839058259,749.0247,"[0.8330654501914978, 0.7946416139602661, 0.7884342074394226, 0.8120836615562439, 0.8380855321884155, 0.8799113035202026, 0.9058172702789307, 0.9293577671051025, 0.9524421095848083, 0.9531504511833191, 0.9429163932800293, 0.9119080305099487, 0.8665052652359009, 0.8332012295722961, 0.7973557114601135, 0.7877071499824524, 0.7959313988685608, 0.8130924105644226, 0.8317970037460327, 0.8545345664024353, 0.8888435959815979, 0.8955503106117249, 0.8923525810241699, 0.8913363218307495, 0.8947522044181824, 0.8897708058357239, 0.885527491569519, 0.8755291104316711, 0.8626711368560791]","[1.3919200897216797, 1.3543171882629395, 1.2501496076583862, 1.1642063856124878, 1.0956172943115234, 1.0730501413345337, 1.0421617031097412, 0.9961291551589966, 0.9277136921882629, 0.8248116970062256, 0.7148858308792114, 0.5977315902709961, 0.44297435879707336, 0.3125649392604828, 0.17412996292114258, 0.052136555314064026, -0.04683121293783188, -0.12490445375442505, -0.23193588852882385, -0.3400527238845825, -0.49028491973876953, -0.6020033955574036, -0.75223308801651, -0.8367976546287537, -0.9208779335021973, -0.998992919921875, -1.0331496000289917, -1.1159502267837524, -1.2002356052398682]",29
10433,173,15,29,6,10,2.9747133,24.335083,7.1122117,0.49403900455419314,724.76996,"[-1.2784749269485474, -1.2015293836593628, -1.1045349836349487, -0.9589180946350098, -0.7939013838768005, -0.5695263743400574, -0.3657269775867462, -0.12892720103263855, 0.08491776138544083, 0.30249255895614624, 0.5051360130310059, 0.7094098925590515, 0.9217888712882996, 1.1384779214859009, 1.3606208562850952, 1.544461965560913, 1.7070554494857788, 1.8038616180419922, 1.874619483947754, 1.9317269325256348, 1.9779483079910278, 2.0062472820281982, 2.0267434120178223, 2.0265722274780273, 2.026893138885498, 1.9841301441192627, 1.9368599653244019, 1.8742200136184692, 1.7933986186981201]","[-1.3042036294937134, -1.4584475755691528, -1.6141657829284668, -1.7745716571807861, -1.927154302597046, -2.0484542846679688, -2.184835195541382, -2.3260021209716797, -2.407499074935913, -2.440061330795288, -2.425367593765259, -2.4045310020446777, -2.308809995651245, -2.137394905090332, -1.9457623958587646, -1.7317126989364624, -1.499714732170105, -1.2685718536376953, -0.9745274186134338, -0.713314950466156, -0.41167256236076355, -0.197139710187912, 0.04940543696284294, 0.3858543932437897, 0.58475261926651, 0.7228175401687622, 0.7997654676437378, 0.8262961506843567, 0.774634599685669]",29
10139,168,15,29,6,9,1.6470906,24.551832,6.8260818,0.5431246885556784,722.97534,"[1.203627347946167, 1.1649680137634277, 1.0939509868621826, 0.9766461253166199, 0.8187376260757446, 0.6283298134803772, 0.45051613450050354, 0.283016562461853, 0.11846327781677246, -0.04943762719631195, -0.2447538673877716, -0.45812857151031494, -0.6762255430221558, -0.8987193703651428, -1.114696741104126, -1.285741925239563, -1.3893166780471802, -1.4277607202529907, -1.426350712776184, -1.4140866994857788, -1.40117609500885, -1.3746951818466187, -1.362430453300476, -1.3551136255264282, -1.356614351272583, -1.3579174280166626, -1.335034728050232, -1.29268479347229, -1.2418012619018555]","[-0.8707016110420227, -1.0826630592346191, -1.285986065864563, -1.484503984451294, -1.6643402576446533, -1.8310970067977905, -1.9672532081604004, -2.090026378631592, -2.1417596340179443, -2.1461730003356934, -2.117640733718872, -2.092230796813965, -1.9945547580718994, -1.838197946548462, -1.5994035005569458, -1.3074263334274292, -1.0272493362426758, -0.7679144740104675, -0.5306583046913147, -0.2980610728263855, -0.0392058901488781, 0.19965428113937378, 0.414424329996109, 0.6384598612785339, 0.8521368503570557, 1.0541919469833374, 1.256603479385376, 1.426918864250183, 1.5576362609863281]",29
8320,138,12,24,3,3,0.5442964,25.776014,5.9751086,0.5156465751932179,720.5559,"[1.2961211204528809, 1.3117694854736328, 1.29159677028656, 1.2360438108444214, 1.1649680137634277, 1.0821595191955566, 0.9766461253166199, 0.8676266670227051, 0.7613831162452698, 0.6634754538536072, 0.5690231919288635, 0.49814796447753906, 0.4234226644039154, 0.39646783471107483, 0.3742784857749939, 0.345653772354126, 0.3170190751552582, 0.27149486541748047, 0.2222651094198227, 0.06273739784955978, -0.07088516652584076, -0.20227842032909393, -0.3575379550457001, -0.48478737473487854]","[0.07102764397859573, 0.03796474263072014, -0.08229196071624756, -0.17151638865470886, -0.229810893535614, -0.22695715725421906, -0.18678440153598785, -0.11824629455804825, -0.030271582305431366, 0.0536419078707695, 0.17553088068962097, 0.26569750905036926, 0.42157620191574097, 0.5291830897331238, 0.7338525056838989, 0.864898145198822, 0.9964183568954468, 1.1082888841629028, 1.1754292249679565, 1.2564916610717773, 1.3756450414657593, 1.3978217840194702, 1.4072859287261963, 1.350226640701294]",24
8323,138,13,24,3,3,0.6809324,25.744667,5.9722614,0.5293911797188267,720.5307,"[1.3117694854736328, 1.29159677028656, 1.2360438108444214, 1.1649680137634277, 1.0821595191955566, 0.9766461253166199, 0.8676266670227051, 0.7613831162452698, 0.6634754538536072, 0.5690231919288635, 0.49814796447753906, 0.4234226644039154, 0.39646783471107483, 0.3742784857749939, 0.345653772354126, 0.3170190751552582, 0.27149486541748047, 0.2222651094198227, 0.06273739784955978, -0.07088516652584076, -0.20227842032909393, -0.3575379550457001, -0.48478737473487854, -0.5715046525001526]","[0.03796474263072014, -0.08229196071624756, -0.17151638865470886, -0.229810893535614, -0.22695715725421906, -0.18678440153598785, -0.11824629455804825, -0.030271582305431366, 0.0536419078707695, 0.17553088068962097, 0.26569750905036926, 0.42157620191574097, 0.5291830897331238, 0.7338525056838989, 0.864898145198822, 0.9964183568954468, 1.1082888841629028, 1.1754292249679565, 1.2564916610717773, 1.3756450414657593, 1.3978217840194702, 1.4072859287261963, 1.350226640701294, 1.3332291841506958]",24
8329,138,11,24,3,3,0.31464052,25.410574,5.945052,0.5168090527649536,712.4035,"[1.3128750324249268, 1.2961211204528809, 1.3117694854736328, 1.29159677028656, 1.2360438108444214, 1.1649680137634277, 1.0821595191955566, 0.9766461253166199, 0.8676266670227051, 0.7613831162452698, 0.6634754538536072, 0.5690231919288635, 0.49814796447753906, 0.4234226644039154, 0.39646783471107483, 0.3742784857749939, 0.345653772354126, 0.3170190751552582, 0.27149486541748047, 0.2222651094198227, 0.06273739784955978, -0.07088516652584076, -0.20227842032909393, -0.3575379550457001]","[0.20912854373455048, 0.07102764397859573, 0.03796474263072014, -0.08229196071624756, -0.17151638865470886, -0.229810893535614, -0.22695715725421906, -0.18678440153598785, -0.11824629455804825, -0.030271582305431366, 0.0536419078707695, 0.17553088068962097, 0.26569750905036926, 0.42157620191574097, 0.5291830897331238, 0.7338525056838989, 0.864898145198822, 0.9964183568954468, 1.1082888841629028, 1.1754292249679565, 1.2564916610717773, 1.3756450414657593, 1.3978217840194702, 1.4072859287261963]",24
4720,78,18,24,12,9,0.40770137,25.259535,5.9322457,0.5087705576232724,708.5966,"[1.3637840747833252, 1.2952464818954468, 1.1969503164291382, 1.065664529800415, 0.9351821541786194, 0.8332012295722961, 0.7533503770828247, 0.6572940349578857, 0.5796835422515869, 0.48694756627082825, 0.39368948340415955, 0.28247201442718506, 0.1785382628440857, 0.08410011976957321, -0.01910327933728695, -0.10195817053318024, -0.1716594696044922, -0.2270793616771698, -0.28193309903144836, -0.33091792464256287, -0.38367199897766113, -0.4305039942264557, -0.48808553814888, -0.5465111136436462]","[0.25596752762794495, 0.25276538729667664, 0.2646796703338623, 0.2246185541152954, 0.19123072922229767, 0.15622761845588684, 0.15862663090229034, 0.1598976105451584, 0.18736042082309723, 0.2207762598991394, 0.24053408205509186, 0.27391284704208374, 0.2797437906265259, 0.2799907624721527, 0.29605832695961, 0.32646605372428894, 0.3692794144153595, 0.39050155878067017, 0.4121919274330139, 0.4425075650215149, 0.4700765609741211, 0.500305712223053, 0.5157009363174438, 0.5176301598548889]",24
8326,138,10,24,3,3,0.19223845,25.26002,5.8807726,0.4956326491540701,706.40515,"[1.3456076383590698, 1.3128750324249268, 1.2961211204528809, 1.3117694854736328, 1.29159677028656, 1.2360438108444214, 1.1649680137634277, 1.0821595191955566, 0.9766461253166199, 0.8676266670227051, 0.7613831162452698, 0.6634754538536072, 0.5690231919288635, 0.49814796447753906, 0.4234226644039154, 0.39646783471107483, 0.3742784857749939, 0.345653772354126, 0.3170190751552582, 0.27149486541748047, 0.2222651094198227, 0.06273739784955978, -0.07088516652584076, -0.20227842032909393]","[0.333856463432312, 0.20912854373455048, 0.07102764397859573, 0.03796474263072014, -0.08229196071624756, -0.17151638865470886, -0.229810893535614, -0.22695715725421906, -0.18678440153598785, -0.11824629455804825, -0.030271582305431366, 0.0536419078707695, 0.17553088068962097, 0.26569750905036926, 0.42157620191574097, 0.5291830897331238, 0.7338525056838989, 0.864898145198822, 0.9964183568954468, 1.1082888841629028, 1.1754292249679565, 1.2564916610717773, 1.3756450414657593, 1.3978217840194702]",24
8388,139,6,24,3,3,0.80065036,24.875189,6.0673637,0.5232315928408748,705.6862,"[0.9574823379516602, 0.9452832937240601, 0.9071134924888611, 0.8220280408859253, 0.7179895639419556, 0.6080538034439087, 0.49832746386528015, 0.4060487747192383, 0.31074318289756775, 0.23236747086048126, 0.17328575253486633, 0.12991401553153992, 0.09354650974273682, 0.0246401596814394, -0.03718746080994606, -0.10549063980579376, -0.2204374223947525, -0.33945605158805847, -0.48932233452796936, -0.5817153453826904, -0.6527462005615234, -0.7523242235183716, -0.8548915386199951, -0.9496414065361023]","[0.2924429178237915, 0.1874927282333374, 0.03348945081233978, -0.09461768716573715, -0.16729965806007385, -0.1634022295475006, -0.08977748453617096, 0.011148267425596714, 0.14786191284656525, 0.3039102554321289, 0.4784224331378937, 0.6381794810295105, 0.8666398525238037, 1.13404381275177, 1.30478835105896, 1.374983549118042, 1.3869452476501465, 1.5162593126296997, 1.612633228302002, 1.6833082437515259, 1.7643764019012451, 1.7447453737258911, 1.7050210237503052, 1.6435028314590454]",24
4366,72,20,24,12,9,0.47339582,25.247665,5.8575745,0.4861438126102724,704.98773,"[0.7251014113426208, 0.5806648135185242, 0.4546203911304474, 0.3194490373134613, 0.19253575801849365, 0.0812511146068573, -0.02568838559091091, -0.12184099853038788, -0.21967241168022156, -0.32257914543151855, -0.4224499464035034, -0.5031247138977051, -0.5784215927124023, -0.6336967349052429, -0.6705725789070129, -0.7139216661453247, -0.7489560842514038, -0.7914418578147888, -0.8327440619468689, -0.8798116445541382, -0.9275695085525513, -0.9634520411491394, -0.9999479055404663, -1.0256016254425049]","[-0.6978351473808289, -0.7547027468681335, -0.8313759565353394, -0.8598625659942627, -0.8932374119758606, -0.9019564390182495, -0.9056236743927002, -0.9104753732681274, -0.893325924873352, -0.8910441994667053, -0.8517088890075684, -0.8225189447402954, -0.8148236870765686, -0.7755698561668396, -0.7281134724617004, -0.6838288307189941, -0.6364167928695679, -0.5824328064918518, -0.5265201926231384, -0.49888932704925537, -0.4647621512413025, -0.43626782298088074, -0.40106597542762756, -0.3998676538467407]",24
4736,78,15,29,12,9,0.44567823,24.213112,6.379855,0.5382226379268129,702.56903,"[1.4518543481826782, 1.435479760169983, 1.4113458395004272, 1.3637840747833252, 1.2952464818954468, 1.1969503164291382, 1.065664529800415, 0.9351821541786194, 0.8332012295722961, 0.7533503770828247, 0.6572940349578857, 0.5796835422515869, 0.48694756627082825, 0.39368948340415955, 0.28247201442718506, 0.1785382628440857, 0.08410011976957321, -0.01910327933728695, -0.10195817053318024, -0.1716594696044922, -0.2270793616771698, -0.28193309903144836, -0.33091792464256287, -0.38367199897766113, -0.4305039942264557, -0.48808553814888, -0.5465111136436462, -0.6007656455039978, -0.6624076962471008]","[0.20604602992534637, 0.20379626750946045, 0.2652803957462311, 0.25596752762794495, 0.25276538729667664, 0.2646796703338623, 0.2246185541152954, 0.19123072922229767, 0.15622761845588684, 0.15862663090229034, 0.1598976105451584, 0.18736042082309723, 0.2207762598991394, 0.24053408205509186, 0.27391284704208374, 0.2797437906265259, 0.2799907624721527, 0.29605832695961, 0.32646605372428894, 0.3692794144153595, 0.39050155878067017, 0.4121919274330139, 0.4425075650215149, 0.4700765609741211, 0.500305712223053, 0.5157009363174438, 0.5176301598548889, 0.5259847640991211, 0.5094333291053772]",29
4609,76,19,24,12,9,0.43499124,25.082138,5.731751,0.5387994231891242,700.5353,"[0.7699118256568909, 0.6524758338928223, 0.5333267450332642, 0.39741936326026917, 0.28596100211143494, 0.18150587379932404, 0.09215172380208969, 0.006729314103722572, -0.08918721228837967, -0.19775864481925964, -0.33355626463890076, -0.4443131983280182, -0.5351411700248718, -0.6094800233840942, -0.7039312720298767, -0.76839280128479, -0.8570873141288757, -0.935726523399353, -1.0216560363769531, -1.1168373823165894, -1.2373900413513184, -1.3487812280654907, -1.4166141748428345, -1.4257302284240723]","[0.5774259567260742, 0.5751898884773254, 0.5510587692260742, 0.5216101408004761, 0.5157693028450012, 0.49895742535591125, 0.49840354919433594, 0.5308911204338074, 0.5507107377052307, 0.6027271151542664, 0.6202718615531921, 0.6568493247032166, 0.6580173373222351, 0.6559206247329712, 0.678493320941925, 0.6658251285552979, 0.6483632922172546, 0.6530718207359314, 0.7092662453651428, 0.7928972840309143, 0.8802856206893921, 0.9299340844154358, 0.9475370049476624, 0.9568787217140198]",24
4605,76,20,24,12,9,0.34576094,24.953768,5.706123,0.5661200199691634,698.56506,"[0.6524758338928223, 0.5333267450332642, 0.39741936326026917, 0.28596100211143494, 0.18150587379932404, 0.09215172380208969, 0.006729314103722572, -0.08918721228837967, -0.19775864481925964, -0.33355626463890076, -0.4443131983280182, -0.5351411700248718, -0.6094800233840942, -0.7039312720298767, -0.76839280128479, -0.8570873141288757, -0.935726523399353, -1.0216560363769531, -1.1168373823165894, -1.2373900413513184, -1.3487812280654907, -1.4166141748428345, -1.4257302284240723, -1.3974238634109497]","[0.5751898884773254, 0.5510587692260742, 0.5216101408004761, 0.5157693028450012, 0.49895742535591125, 0.49840354919433594, 0.5308911204338074, 0.5507107377052307, 0.6027271151542664, 0.6202718615531921, 0.6568493247032166, 0.6580173373222351, 0.6559206247329712, 0.678493320941925, 0.6658251285552979, 0.6483632922172546, 0.6530718207359314, 0.7092662453651428, 0.7928972840309143, 0.8802856206893921, 0.9299340844154358, 0.9475370049476624, 0.9568787217140198, 0.9261941909790039]",24
10123,168,19,24,6,9,1.2699684,24.477135,5.9659877,0.5688912848829628,696.9669,"[0.8187376260757446, 0.6283298134803772, 0.45051613450050354, 0.283016562461853, 0.11846327781677246, -0.04943762719631195, -0.2447538673877716, -0.45812857151031494, -0.6762255430221558, -0.8987193703651428, -1.114696741104126, -1.285741925239563, -1.3893166780471802, -1.4277607202529907, -1.426350712776184, -1.4140866994857788, -1.40117609500885, -1.3746951818466187, -1.362430453300476, -1.3551136255264282, -1.356614351272583, -1.3579174280166626, -1.335034728050232, -1.29268479347229]","[-1.6643402576446533, -1.8310970067977905, -1.9672532081604004, -2.090026378631592, -2.1417596340179443, -2.1461730003356934, -2.117640733718872, -2.092230796813965, -1.9945547580718994, -1.838197946548462, -1.5994035005569458, -1.3074263334274292, -1.0272493362426758, -0.7679144740104675, -0.5306583046913147, -0.2980610728263855, -0.0392058901488781, 0.19965428113937378, 0.414424329996109, 0.6384598612785339, 0.8521368503570557, 1.0541919469833374, 1.256603479385376, 1.426918864250183]",24
10127,168,20,24,6,9,1.3110782,24.504639,5.853902,0.60722945509059,696.0713,"[0.6283298134803772, 0.45051613450050354, 0.283016562461853, 0.11846327781677246, -0.04943762719631195, -0.2447538673877716, -0.45812857151031494, -0.6762255430221558, -0.8987193703651428, -1.114696741104126, -1.285741925239563, -1.3893166780471802, -1.4277607202529907, -1.426350712776184, -1.4140866994857788, -1.40117609500885, -1.3746951818466187, -1.362430453300476, -1.3551136255264282, -1.356614351272583, -1.3579174280166626, -1.335034728050232, -1.29268479347229, -1.2418012619018555]","[-1.8310970067977905, -1.9672532081604004, -2.090026378631592, -2.1417596340179443, -2.1461730003356934, -2.117640733718872, -2.092230796813965, -1.9945547580718994, -1.838197946548462, -1.5994035005569458, -1.3074263334274292, -1.0272493362426758, -0.7679144740104675, -0.5306583046913147, -0.2980610728263855, -0.0392058901488781, 0.19965428113937378, 0.414424329996109, 0.6384598612785339, 0.8521368503570557, 1.0541919469833374, 1.256603479385376, 1.426918864250183, 1.5576362609863281]",24
10363,172,19,24,6,10,1.8220234,23.390488,6.4555387,0.5342984263883195,688.19086,"[-1.4048233032226562, -1.2108349800109863, -0.969071626663208, -0.72389155626297, -0.4958103597164154, -0.2913544178009033, -0.07090694457292557, 0.11482562124729156, 0.26955536007881165, 0.4265320301055908, 0.5685033202171326, 0.7030330896377563, 0.8315173983573914, 0.9337992072105408, 1.0117309093475342, 1.1001543998718262, 1.1856762170791626, 1.2590687274932861, 1.3452423810958862, 1.4309048652648926, 1.504202127456665, 1.5812382698059082, 1.6377665996551514, 1.6524314880371094]","[-1.0613709688186646, -1.2877376079559326, -1.5008617639541626, -1.6652427911758423, -1.7509504556655884, -1.7904061079025269, -1.7637114524841309, -1.7331188917160034, -1.6646205186843872, -1.5390008687973022, -1.4104804992675781, -1.2603135108947754, -1.153258204460144, -0.9556187987327576, -0.8215237259864807, -0.6836539506912231, -0.4546186029911041, -0.2538245618343353, -0.07699855417013168, 0.1752689927816391, 0.3877100646495819, 0.5708802342414856, 0.719147264957428, 0.8262961506843567]",24
1957,32,11,19,8,9,0.04687524,25.378407,3.33818,0.5663828902648327,636.03265,"[-0.563183069229126, -0.5998570919036865, -0.6141518950462341, -0.6701653599739075, -0.7388923168182373, -0.8409440517425537, -0.951672375202179, -1.031467318534851, -1.0749179124832153, -1.1382092237472534, -1.1583622694015503, -1.0899914503097534, -0.998361349105835, -0.8961743712425232, -0.7555621266365051, -0.7824726700782776, -0.7849217057228088, -0.7563640475273132, -0.7296435832977295]","[-0.6877464056015015, -0.947347104549408, -1.1552313566207886, -1.3278727531433105, -1.472022533416748, -1.5451815128326416, -1.5992807149887085, -1.560813307762146, -1.4788010120391846, -1.3342806100845337, -1.034537434577942, -0.6111002564430237, -0.1095115914940834, 0.189565971493721, 0.49840354919433594, 0.7963125705718994, 0.9434958696365356, 0.9964183568954468, 0.9980497360229492]",19
1971,32,9,29,8,11,0.9842322,23.304905,4.4677124,0.6321636913747499,631.7377,"[-0.5163021087646484, -0.5476289987564087, -0.563183069229126, -0.5998570919036865, -0.6141518950462341, -0.6701653599739075, -0.7388923168182373, -0.8409440517425537, -0.951672375202179, -1.031467318534851, -1.0749179124832153, -1.1382092237472534, -1.1583622694015503, -1.0899914503097534, -0.998361349105835, -0.8961743712425232, -0.7555621266365051, -0.7824726700782776, -0.7849217057228088, -0.7563640475273132, -0.7296435832977295, -0.6737937331199646, -0.5885201692581177, -0.5473632216453552, -0.5433877110481262, -0.5434165596961975, -0.5038860440254211, -0.45938435196876526, -0.4598569869995117]","[-0.0393153615295887, -0.376109778881073, -0.6877464056015015, -0.947347104549408, -1.1552313566207886, -1.3278727531433105, -1.472022533416748, -1.5451815128326416, -1.5992807149887085, -1.560813307762146, -1.4788010120391846, -1.3342806100845337, -1.034537434577942, -0.6111002564430237, -0.1095115914940834, 0.189565971493721, 0.49840354919433594, 0.7963125705718994, 0.9434958696365356, 0.9964183568954468, 0.9980497360229492, 0.9554111957550049, 0.8627480864524841, 0.74980628490448, 0.6478796005249023, 0.45819804072380066, 0.04668617621064186, -0.38133493065834045, -0.7087762951850891]",29
7111,118,19,19,1,11,0.04842162,24.132412,3.873786,0.547126486652536,626.21814,"[-0.9038698673248291, -0.9930202960968018, -1.0518825054168701, -1.0670992136001587, -1.0765384435653687, -1.0941424369812012, -1.1033679246902466, -1.0419256687164307, -0.9806199669837952, -1.0192173719406128, -1.0376861095428467, -1.0562613010406494, -1.0476795434951782, -1.0030642747879028, -0.9447205066680908, -0.8760252594947815, -0.8188899755477905, -0.7582752704620361, -0.7085456252098083]","[-0.14916950464248657, -0.24762874841690063, -0.30389124155044556, -0.29648861289024353, -0.23458150029182434, -0.11982548981904984, -0.07098077982664108, -0.03125006705522537, 0.1736038774251938, 0.46095219254493713, 0.7619304060935974, 1.0968855619430542, 1.3825005292892456, 1.5478031635284424, 1.6121195554733276, 1.5259299278259277, 1.378878116607666, 1.2198594808578491, 1.0321909189224243]",19
2149,35,8,24,8,8,0.1319027,23.821611,3.7177427,0.5717435816940396,616.55164,"[-0.5893071889877319, -0.6111539006233215, -0.5685568451881409, -0.46988916397094727, -0.3616010844707489, -0.30182138085365295, -0.3115331828594208, -0.35039955377578735, -0.4014135003089905, -0.45789286494255066, -0.5234349370002747, -0.6472979187965393, -0.6784338355064392, -0.49587583541870117, -0.35773226618766785, -0.3282549977302551, -0.31335723400115967, -0.2990879416465759, -0.2959844768047333, -0.2848854660987854, -0.26344355940818787, -0.24556851387023926, -0.20392918586730957, -0.20415781438350677]","[-0.020682593807578087, -0.34374672174453735, -0.6267179846763611, -0.8670976161956787, -0.9875195026397705, -1.0212059020996094, -1.0164775848388672, -0.9965959191322327, -0.9091952443122864, -0.7341439723968506, -0.5226244330406189, -0.22651086747646332, 0.0007796417339704931, 0.16243302822113037, 0.5216101408004761, 0.8909784555435181, 1.1949881315231323, 1.3909378051757812, 1.4833059310913086, 1.461983561515808, 1.4531052112579346, 1.4545798301696777, 1.332585096359253, 1.0674782991409302]",24
1976,32,8,29,8,11,0.62087226,22.55025,4.466017,0.5924663482891748,614.60876,"[-0.4944528341293335, -0.5163021087646484, -0.5476289987564087, -0.563183069229126, -0.5998570919036865, -0.6141518950462341, -0.6701653599739075, -0.7388923168182373, -0.8409440517425537, -0.951672375202179, -1.031467318534851, -1.0749179124832153, -1.1382092237472534, -1.1583622694015503, -1.0899914503097534, -0.998361349105835, -0.8961743712425232, -0.7555621266365051, -0.7824726700782776, -0.7849217057228088, -0.7563640475273132, -0.7296435832977295, -0.6737937331199646, -0.5885201692581177, -0.5473632216453552, -0.5433877110481262, -0.5434165596961975, -0.5038860440254211, -0.45938435196876526]","[0.25017765164375305, -0.0393153615295887, -0.376109778881073, -0.6877464056015015, -0.947347104549408, -1.1552313566207886, -1.3278727531433105, -1.472022533416748, -1.5451815128326416, -1.5992807149887085, -1.560813307762146, -1.4788010120391846, -1.3342806100845337, -1.034537434577942, -0.6111002564430237, -0.1095115914940834, 0.189565971493721, 0.49840354919433594, 0.7963125705718994, 0.9434958696365356, 0.9964183568954468, 0.9980497360229492, 0.9554111957550049, 0.8627480864524841, 0.74980628490448, 0.6478796005249023, 0.45819804072380066, 0.04668617621064186, -0.38133493065834045]",29
7139,118,15,29,1,11,0.7492745,22.953049,4.0161524,0.609568976405007,610.024,"[-0.3611677587032318, -0.502848207950592, -0.6577385067939758, -0.7895531058311462, -0.9038698673248291, -0.9930202960968018, -1.0518825054168701, -1.0670992136001587, -1.0765384435653687, -1.0941424369812012, -1.1033679246902466, -1.0419256687164307, -0.9806199669837952, -1.0192173719406128, -1.0376861095428467, -1.0562613010406494, -1.0476795434951782, -1.0030642747879028, -0.9447205066680908, -0.8760252594947815, -0.8188899755477905, -0.7582752704620361, -0.7085456252098083, -0.6677653193473816, -0.7238955497741699, -0.7627868056297302, -0.7549816370010376, -0.7426624894142151, -0.748914361000061]","[0.40177443623542786, 0.23270738124847412, 0.13099251687526703, -0.018798526376485825, -0.14916950464248657, -0.24762874841690063, -0.30389124155044556, -0.29648861289024353, -0.23458150029182434, -0.11982548981904984, -0.07098077982664108, -0.03125006705522537, 0.1736038774251938, 0.46095219254493713, 0.7619304060935974, 1.0968855619430542, 1.3825005292892456, 1.5478031635284424, 1.6121195554733276, 1.5259299278259277, 1.378878116607666, 1.2198594808578491, 1.0321909189224243, 0.8630518317222595, 0.7536460757255554, 0.6675785183906555, 0.5579684972763062, 0.4084888994693756, 0.282094269990921]",29
6521,108,7,24,1,3,0.45070875,21.14088,5.143427,0.5511353225088036,604.6772,"[1.1646534204483032, 1.1284221410751343, 1.07492995262146, 0.9795060157775879, 0.9086733460426331, 0.8506230711936951, 0.8120836615562439, 0.7853566408157349, 0.7827742695808411, 0.770590603351593, 0.7764952182769775, 0.7468024492263794, 0.6721341013908386, 0.543630838394165, 0.4031780958175659, 0.283016562461853, 0.19664061069488525, 0.13750024139881134, 0.09215172380208969, 0.07156471163034439, 0.06300996243953705, 0.05416599288582802, 0.051439929753541946, 0.01464778557419777]","[0.34543681144714355, 0.3584631383419037, 0.3343483507633209, 0.2642732858657837, 0.11250890046358109, -0.06297663599252701, -0.20332710444927216, -0.3260154128074646, -0.40922972559928894, -0.44661447405815125, -0.42084938287734985, -0.3700058162212372, -0.27286234498023987, -0.13891668617725372, 0.006969049107283354, 0.17553088068962097, 0.29689711332321167, 0.3906368613243103, 0.49840354919433594, 0.6089323163032532, 0.6764128804206848, 0.7444343566894531, 0.7619304060935974, 0.7511429190635681]",24
