id,series_id,start,length,true_class,pred_class,confidence,F_stat,Separability,IG,Composite_Score,dim_0,dim_1,dim_2,dim_3,dim_4,dim_5,Shapelet_Length
863,6,77,20,2,2,2.7190692,259.75906,4.07495,0.8809469806454897,5361.477,"[-0.8047686219215393, -0.603804349899292, -0.42530912160873413, -0.26643815636634827, 0.0030901336576789618, 0.018473131582140923, -0.27902448177337646, -0.4285770654678345, -0.5977239012718201, -0.5900495648384094, -0.532206654548645, -0.3718287944793701, -0.20283937454223633, -0.033931881189346313, -0.20716449618339539, -0.473476767539978, -0.641647458076477, -0.6069585680961609, -0.6005216240882874, -0.39295119047164917]","[-0.2265806794166565, 0.08398929238319397, 0.17037923634052277, 0.31959792971611023, 0.5534758567810059, 0.4678361415863037, 0.36257001757621765, 0.22981791198253632, -0.08198292553424835, -0.2115328460931778, 0.14134205877780914, 0.3214036524295807, 0.495617538690567, 0.5071970224380493, 0.4001598656177521, 0.33860844373703003, 0.32533973455429077, -0.0975470170378685, 0.05332813784480095, 0.10586967319250107]","[0.3992226719856262, 0.007714683655649424, 0.030696233734488487, 0.08628387749195099, 0.013365303166210651, 0.16770236194133759, 0.45331594347953796, 0.40638843178749084, 0.5028917193412781, 0.40739205479621887, 0.4811517596244812, 0.2827675938606262, 0.08277327567338943, 0.09879054874181747, 0.3998047709465027, 0.381075918674469, 0.3616269826889038, 0.45426270365715027, 0.2130027711391449, 0.27847766876220703]","[-0.18094930052757263, -0.14904332160949707, 0.17351777851581573, 0.07987257093191147, 0.19524456560611725, -0.2680340111255646, -0.30059167742729187, -0.20870772004127502, -0.25600242614746094, -0.05283474922180176, -0.16978195309638977, 0.2903409004211426, -0.12222525477409363, 0.10226171463727951, 0.16940371692180634, -0.07225026190280914, 0.015239809639751911, 0.23125790059566498, 0.429964154958725, 0.09605659544467926]","[0.09118328243494034, 0.09666864573955536, -0.0029929312877357006, -0.22698429226875305, -0.21549716591835022, -0.09367703646421432, 0.10776600241661072, 0.16046608984470367, 0.08509144186973572, -0.09690342843532562, -0.03158370777964592, -0.040451087057590485, 0.12215016782283783, -0.04262280836701393, 0.14057287573814392, 0.2701243460178375, 0.12192074209451675, -0.12837094068527222, -0.10282103717327118, -0.19361206889152527]","[0.19944483041763306, 0.3702421486377716, 0.26964032649993896, 0.23034198582172394, 0.034802570939064026, -0.23932722210884094, -0.40070122480392456, -0.18147282302379608, -0.31297212839126587, 0.09262841939926147, 0.3168489336967468, 0.30535924434661865, 0.19943663477897644, -0.04376605898141861, -0.03902892395853996, -0.19069601595401764, -0.29267922043800354, -0.14554165303707123, 0.11960737407207489, 0.21264156699180603]",20
891,6,58,35,2,2,3.8008537,249.45752,5.2787757,0.8809469806454897,5191.561,"[-0.29656708240509033, -0.5811464786529541, -0.5375868678092957, -0.4866180121898651, -0.45646488666534424, -0.3699558675289154, -0.31905797123908997, -0.26107874512672424, -0.40917712450027466, -0.36545905470848083, -0.568230152130127, -0.44489240646362305, -0.39661112427711487, -0.43625321984291077, -0.24340398609638214, -0.1267939954996109, -0.3114788830280304, -0.5499685406684875, -0.7303694486618042, -0.8047686219215393, -0.603804349899292, -0.42530912160873413, -0.26643815636634827, 0.0030901336576789618, 0.018473131582140923, -0.27902448177337646, -0.4285770654678345, -0.5977239012718201, -0.5900495648384094, -0.532206654548645, -0.3718287944793701, -0.20283937454223633, -0.033931881189346313, -0.20716449618339539, -0.473476767539978]","[0.029321812093257904, -0.038758549839258194, -0.15567003190517426, -0.07395102828741074, 0.1513526737689972, 0.45162299275398254, 0.40799614787101746, 0.34140250086784363, 0.4162403345108032, 0.18140724301338196, 0.11100877821445465, 0.16968221962451935, 0.04103389009833336, 0.3251380920410156, 0.5130102634429932, 0.3229859471321106, 0.36853235960006714, 0.1163492500782013, -0.14924684166908264, -0.2265806794166565, 0.08398929238319397, 0.17037923634052277, 0.31959792971611023, 0.5534758567810059, 0.4678361415863037, 0.36257001757621765, 0.22981791198253632, -0.08198292553424835, -0.2115328460931778, 0.14134205877780914, 0.3214036524295807, 0.495617538690567, 0.5071970224380493, 0.4001598656177521, 0.33860844373703003]","[0.3669281005859375, 0.37781432271003723, 0.47790834307670593, 0.4847757816314697, 0.4964568316936493, 0.47010186314582825, 0.4772639572620392, 0.3382277488708496, 0.19743762910366058, 0.13034003973007202, 0.2502398192882538, 0.48379024863243103, 0.4185650944709778, 0.6987429857254028, 0.5478569865226746, 0.4036862850189209, 0.4515986144542694, 0.6291574239730835, 0.5640379190444946, 0.3992226719856262, 0.007714683655649424, 0.030696233734488487, 0.08628387749195099, 0.013365303166210651, 0.16770236194133759, 0.45331594347953796, 0.40638843178749084, 0.5028917193412781, 0.40739205479621887, 0.4811517596244812, 0.2827675938606262, 0.08277327567338943, 0.09879054874181747, 0.3998047709465027, 0.381075918674469]","[-0.47759607434272766, -0.548412024974823, -0.37594136595726013, 0.07462020218372345, 0.08628585934638977, 0.24598360061645508, -0.006524580530822277, 0.1808813065290451, -0.10043156892061234, -0.14170926809310913, -0.1365400105714798, 0.1570923775434494, 0.16124428808689117, -0.13771502673625946, 0.015480153262615204, -0.24596959352493286, -0.3796863853931427, 0.01171291433274746, -0.3047275245189667, -0.18094930052757263, -0.14904332160949707, 0.17351777851581573, 0.07987257093191147, 0.19524456560611725, -0.2680340111255646, -0.30059167742729187, -0.20870772004127502, -0.25600242614746094, -0.05283474922180176, -0.16978195309638977, 0.2903409004211426, -0.12222525477409363, 0.10226171463727951, 0.16940371692180634, -0.07225026190280914]","[0.18205775320529938, 0.03995918110013008, 0.05217922478914261, 0.01660408079624176, -0.05474664643406868, 0.02716866508126259, 0.02483384683728218, 0.0010178826050832868, 0.12524738907814026, 0.13633055984973907, -0.07200589030981064, -0.35445520281791687, -0.17314504086971283, -0.1892799586057663, -0.23090499639511108, 0.20134222507476807, 0.26571333408355713, 0.18275538086891174, 0.10708419233560562, 0.09118328243494034, 0.09666864573955536, -0.0029929312877357006, -0.22698429226875305, -0.21549716591835022, -0.09367703646421432, 0.10776600241661072, 0.16046608984470367, 0.08509144186973572, -0.09690342843532562, -0.03158370777964592, -0.040451087057590485, 0.12215016782283783, -0.04262280836701393, 0.14057287573814392, 0.2701243460178375]","[-0.37523818016052246, -0.15706951916217804, 0.01657462865114212, 0.3636241853237152, 0.3861856758594513, 0.2640519142150879, -0.011013180017471313, -0.14908501505851746, -0.10825250297784805, -0.24737708270549774, -0.1803179532289505, -0.020208239555358887, -0.007918817922472954, 0.0755632072687149, -0.0046587674878537655, -0.10120710730552673, -0.2046612948179245, -0.1337154358625412, -0.14190222322940826, 0.19944483041763306, 0.3702421486377716, 0.26964032649993896, 0.23034198582172394, 0.034802570939064026, -0.23932722210884094, -0.40070122480392456, -0.18147282302379608, -0.31297212839126587, 0.09262841939926147, 0.3168489336967468, 0.30535924434661865, 0.19943663477897644, -0.04376605898141861, -0.03902892395853996, -0.19069601595401764]",35
728,5,77,20,2,2,2.7033825,240.87129,4.0432405,0.8809469806454897,4982.7705,"[-0.7755125761032104, -0.5742562413215637, -0.4350014925003052, -0.2547510266304016, 0.011356331408023834, 0.031403690576553345, -0.2504180669784546, -0.4234156310558319, -0.580489993095398, -0.5827058553695679, -0.5341213941574097, -0.35037943720817566, -0.2195005714893341, -0.0381292998790741, -0.2218647301197052, -0.4791225790977478, -0.632570207118988, -0.5844603776931763, -0.6091071367263794, -0.4077746868133545]","[-0.20419812202453613, 0.08941926807165146, 0.13328354060649872, 0.25297820568084717, 0.48302337527275085, 0.44830822944641113, 0.3876120150089264, 0.30728858709335327, -0.018757760524749756, -0.1961478590965271, 0.1364588439464569, 0.29140976071357727, 0.4954439699649811, 0.5217511653900146, 0.4201372563838959, 0.3710964024066925, 0.3350736200809479, -0.12026042491197586, 0.02808215282857418, 0.06402985006570816]","[0.4464762210845947, 0.01763429306447506, 0.019014155492186546, 0.04676361009478569, 0.07005879282951355, 0.28722837567329407, 0.4176301062107086, 0.3663474917411804, 0.4466019570827484, 0.4024595618247986, 0.4704211354255676, 0.3100905418395996, 0.09199578315019608, 0.05918976292014122, 0.3558380603790283, 0.39511895179748535, 0.38471293449401855, 0.4684029519557953, 0.23689734935760498, 0.2934909462928772]","[-0.19093281030654907, -0.16248777508735657, 0.16511084139347076, 0.06619010865688324, 0.25104185938835144, -0.2058212161064148, -0.3043960928916931, -0.22192718088626862, -0.18777737021446228, -0.010372982360422611, -0.14304448664188385, 0.34200283885002136, -0.0687684416770935, 0.09340012073516846, 0.16159121692180634, -0.0931548923254013, -0.013315209187567234, 0.18719244003295898, 0.40067407488822937, 0.12280498445034027]","[0.09870994836091995, 0.10944496840238571, 0.006127844098955393, -0.22972464561462402, -0.22037197649478912, -0.08567936718463898, 0.15004882216453552, 0.16599489748477936, 0.05872524902224541, -0.13645653426647186, -0.04306871443986893, -0.04273613542318344, 0.13324612379074097, -0.021335728466510773, 0.11136866360902786, 0.23591335117816925, 0.0969642847776413, -0.1628323346376419, -0.10792163014411926, -0.18851642310619354]","[0.1727815866470337, 0.3363109230995178, 0.2415991723537445, 0.2134656459093094, 0.06273774802684784, -0.18269911408424377, -0.33343225717544556, -0.14349405467510223, -0.33054670691490173, 0.07320870459079742, 0.29515621066093445, 0.2754742205142975, 0.20863686501979828, -0.01948908157646656, -0.031470220535993576, -0.18914727866649628, -0.31386762857437134, -0.16809602081775665, 0.08869734406471252, 0.20312289893627167]",20
899,6,57,35,2,2,3.7192025,234.86314,5.247501,0.8122924302659678,4895.3022,"[-0.21517722308635712, -0.29656708240509033, -0.5811464786529541, -0.5375868678092957, -0.4866180121898651, -0.45646488666534424, -0.3699558675289154, -0.31905797123908997, -0.26107874512672424, -0.40917712450027466, -0.36545905470848083, -0.568230152130127, -0.44489240646362305, -0.39661112427711487, -0.43625321984291077, -0.24340398609638214, -0.1267939954996109, -0.3114788830280304, -0.5499685406684875, -0.7303694486618042, -0.8047686219215393, -0.603804349899292, -0.42530912160873413, -0.26643815636634827, 0.0030901336576789618, 0.018473131582140923, -0.27902448177337646, -0.4285770654678345, -0.5977239012718201, -0.5900495648384094, -0.532206654548645, -0.3718287944793701, -0.20283937454223633, -0.033931881189346313, -0.20716449618339539]","[0.3596591651439667, 0.029321812093257904, -0.038758549839258194, -0.15567003190517426, -0.07395102828741074, 0.1513526737689972, 0.45162299275398254, 0.40799614787101746, 0.34140250086784363, 0.4162403345108032, 0.18140724301338196, 0.11100877821445465, 0.16968221962451935, 0.04103389009833336, 0.3251380920410156, 0.5130102634429932, 0.3229859471321106, 0.36853235960006714, 0.1163492500782013, -0.14924684166908264, -0.2265806794166565, 0.08398929238319397, 0.17037923634052277, 0.31959792971611023, 0.5534758567810059, 0.4678361415863037, 0.36257001757621765, 0.22981791198253632, -0.08198292553424835, -0.2115328460931778, 0.14134205877780914, 0.3214036524295807, 0.495617538690567, 0.5071970224380493, 0.4001598656177521]","[0.1144886165857315, 0.3669281005859375, 0.37781432271003723, 0.47790834307670593, 0.4847757816314697, 0.4964568316936493, 0.47010186314582825, 0.4772639572620392, 0.3382277488708496, 0.19743762910366058, 0.13034003973007202, 0.2502398192882538, 0.48379024863243103, 0.4185650944709778, 0.6987429857254028, 0.5478569865226746, 0.4036862850189209, 0.4515986144542694, 0.6291574239730835, 0.5640379190444946, 0.3992226719856262, 0.007714683655649424, 0.030696233734488487, 0.08628387749195099, 0.013365303166210651, 0.16770236194133759, 0.45331594347953796, 0.40638843178749084, 0.5028917193412781, 0.40739205479621887, 0.4811517596244812, 0.2827675938606262, 0.08277327567338943, 0.09879054874181747, 0.3998047709465027]","[-0.1716776192188263, -0.47759607434272766, -0.548412024974823, -0.37594136595726013, 0.07462020218372345, 0.08628585934638977, 0.24598360061645508, -0.006524580530822277, 0.1808813065290451, -0.10043156892061234, -0.14170926809310913, -0.1365400105714798, 0.1570923775434494, 0.16124428808689117, -0.13771502673625946, 0.015480153262615204, -0.24596959352493286, -0.3796863853931427, 0.01171291433274746, -0.3047275245189667, -0.18094930052757263, -0.14904332160949707, 0.17351777851581573, 0.07987257093191147, 0.19524456560611725, -0.2680340111255646, -0.30059167742729187, -0.20870772004127502, -0.25600242614746094, -0.05283474922180176, -0.16978195309638977, 0.2903409004211426, -0.12222525477409363, 0.10226171463727951, 0.16940371692180634]","[0.14948256313800812, 0.18205775320529938, 0.03995918110013008, 0.05217922478914261, 0.01660408079624176, -0.05474664643406868, 0.02716866508126259, 0.02483384683728218, 0.0010178826050832868, 0.12524738907814026, 0.13633055984973907, -0.07200589030981064, -0.35445520281791687, -0.17314504086971283, -0.1892799586057663, -0.23090499639511108, 0.20134222507476807, 0.26571333408355713, 0.18275538086891174, 0.10708419233560562, 0.09118328243494034, 0.09666864573955536, -0.0029929312877357006, -0.22698429226875305, -0.21549716591835022, -0.09367703646421432, 0.10776600241661072, 0.16046608984470367, 0.08509144186973572, -0.09690342843532562, -0.03158370777964592, -0.040451087057590485, 0.12215016782283783, -0.04262280836701393, 0.14057287573814392]","[-0.36183732748031616, -0.37523818016052246, -0.15706951916217804, 0.01657462865114212, 0.3636241853237152, 0.3861856758594513, 0.2640519142150879, -0.011013180017471313, -0.14908501505851746, -0.10825250297784805, -0.24737708270549774, -0.1803179532289505, -0.020208239555358887, -0.007918817922472954, 0.0755632072687149, -0.0046587674878537655, -0.10120710730552673, -0.2046612948179245, -0.1337154358625412, -0.14190222322940826, 0.19944483041763306, 0.3702421486377716, 0.26964032649993896, 0.23034198582172394, 0.034802570939064026, -0.23932722210884094, -0.40070122480392456, -0.18147282302379608, -0.31297212839126587, 0.09262841939926147, 0.3168489336967468, 0.30535924434661865, 0.19943663477897644, -0.04376605898141861, -0.03902892395853996]",35
894,6,59,35,2,2,3.8532617,231.48337,5.398078,0.8112781244591329,4832.174,"[-0.5811464786529541, -0.5375868678092957, -0.4866180121898651, -0.45646488666534424, -0.3699558675289154, -0.31905797123908997, -0.26107874512672424, -0.40917712450027466, -0.36545905470848083, -0.568230152130127, -0.44489240646362305, -0.39661112427711487, -0.43625321984291077, -0.24340398609638214, -0.1267939954996109, -0.3114788830280304, -0.5499685406684875, -0.7303694486618042, -0.8047686219215393, -0.603804349899292, -0.42530912160873413, -0.26643815636634827, 0.0030901336576789618, 0.018473131582140923, -0.27902448177337646, -0.4285770654678345, -0.5977239012718201, -0.5900495648384094, -0.532206654548645, -0.3718287944793701, -0.20283937454223633, -0.033931881189346313, -0.20716449618339539, -0.473476767539978, -0.641647458076477]","[-0.038758549839258194, -0.15567003190517426, -0.07395102828741074, 0.1513526737689972, 0.45162299275398254, 0.40799614787101746, 0.34140250086784363, 0.4162403345108032, 0.18140724301338196, 0.11100877821445465, 0.16968221962451935, 0.04103389009833336, 0.3251380920410156, 0.5130102634429932, 0.3229859471321106, 0.36853235960006714, 0.1163492500782013, -0.14924684166908264, -0.2265806794166565, 0.08398929238319397, 0.17037923634052277, 0.31959792971611023, 0.5534758567810059, 0.4678361415863037, 0.36257001757621765, 0.22981791198253632, -0.08198292553424835, -0.2115328460931778, 0.14134205877780914, 0.3214036524295807, 0.495617538690567, 0.5071970224380493, 0.4001598656177521, 0.33860844373703003, 0.32533973455429077]","[0.37781432271003723, 0.47790834307670593, 0.4847757816314697, 0.4964568316936493, 0.47010186314582825, 0.4772639572620392, 0.3382277488708496, 0.19743762910366058, 0.13034003973007202, 0.2502398192882538, 0.48379024863243103, 0.4185650944709778, 0.6987429857254028, 0.5478569865226746, 0.4036862850189209, 0.4515986144542694, 0.6291574239730835, 0.5640379190444946, 0.3992226719856262, 0.007714683655649424, 0.030696233734488487, 0.08628387749195099, 0.013365303166210651, 0.16770236194133759, 0.45331594347953796, 0.40638843178749084, 0.5028917193412781, 0.40739205479621887, 0.4811517596244812, 0.2827675938606262, 0.08277327567338943, 0.09879054874181747, 0.3998047709465027, 0.381075918674469, 0.3616269826889038]","[-0.548412024974823, -0.37594136595726013, 0.07462020218372345, 0.08628585934638977, 0.24598360061645508, -0.006524580530822277, 0.1808813065290451, -0.10043156892061234, -0.14170926809310913, -0.1365400105714798, 0.1570923775434494, 0.16124428808689117, -0.13771502673625946, 0.015480153262615204, -0.24596959352493286, -0.3796863853931427, 0.01171291433274746, -0.3047275245189667, -0.18094930052757263, -0.14904332160949707, 0.17351777851581573, 0.07987257093191147, 0.19524456560611725, -0.2680340111255646, -0.30059167742729187, -0.20870772004127502, -0.25600242614746094, -0.05283474922180176, -0.16978195309638977, 0.2903409004211426, -0.12222525477409363, 0.10226171463727951, 0.16940371692180634, -0.07225026190280914, 0.015239809639751911]","[0.03995918110013008, 0.05217922478914261, 0.01660408079624176, -0.05474664643406868, 0.02716866508126259, 0.02483384683728218, 0.0010178826050832868, 0.12524738907814026, 0.13633055984973907, -0.07200589030981064, -0.35445520281791687, -0.17314504086971283, -0.1892799586057663, -0.23090499639511108, 0.20134222507476807, 0.26571333408355713, 0.18275538086891174, 0.10708419233560562, 0.09118328243494034, 0.09666864573955536, -0.0029929312877357006, -0.22698429226875305, -0.21549716591835022, -0.09367703646421432, 0.10776600241661072, 0.16046608984470367, 0.08509144186973572, -0.09690342843532562, -0.03158370777964592, -0.040451087057590485, 0.12215016782283783, -0.04262280836701393, 0.14057287573814392, 0.2701243460178375, 0.12192074209451675]","[-0.15706951916217804, 0.01657462865114212, 0.3636241853237152, 0.3861856758594513, 0.2640519142150879, -0.011013180017471313, -0.14908501505851746, -0.10825250297784805, -0.24737708270549774, -0.1803179532289505, -0.020208239555358887, -0.007918817922472954, 0.0755632072687149, -0.0046587674878537655, -0.10120710730552673, -0.2046612948179245, -0.1337154358625412, -0.14190222322940826, 0.19944483041763306, 0.3702421486377716, 0.26964032649993896, 0.23034198582172394, 0.034802570939064026, -0.23932722210884094, -0.40070122480392456, -0.18147282302379608, -0.31297212839126587, 0.09262841939926147, 0.3168489336967468, 0.30535924434661865, 0.19943663477897644, -0.04376605898141861, -0.03902892395853996, -0.19069601595401764, -0.29267922043800354]",35
1705,12,77,20,1,1,1.3896053,65.48057,2.7464585,1.0,1442.0051,"[-0.9284665584564209, -2.086735486984253, -1.9196994304656982, 1.222769021987915, 2.1126151084899902, 1.8583621978759766, 1.084725260734558, 1.5937391519546509, 0.011431249789893627, -2.3168258666992188, -2.1146020889282227, -1.1010806560516357, 1.9765489101409912, 1.712626338005066, 0.9038468599319458, 1.3233317136764526, 1.377142071723938, -1.6701432466506958, -2.7142746448516846, -1.3086061477661133]","[-2.085257053375244, -1.0269712209701538, -0.6191321611404419, -1.1606411933898926, -1.1659120321273804, 2.147141218185425, 2.1403799057006836, 1.054585576057434, -2.2246599197387695, -2.4069674015045166, -0.8061739206314087, -0.9361780285835266, -1.03301203250885, 0.7435134053230286, 2.170806646347046, 1.566284418106079, -1.268978476524353, -2.4829463958740234, -0.7836615443229675, -0.3550189435482025]","[0.8908549547195435, 0.6702948212623596, 0.8724799156188965, -1.3432586193084717, -2.5339691638946533, -2.2030386924743652, -0.7372916340827942, -0.30954959988594055, 1.7817974090576172, 1.7115768194198608, 0.4946347177028656, -0.20328593254089355, -0.9975090622901917, -1.1916801929473877, -0.6938256025314331, -0.9292356967926025, -0.4447609782218933, -0.45258983969688416, 0.027881110087037086, -0.27095478773117065]","[-0.4784550368785858, -0.4533367455005646, 0.3702380657196045, 2.408205032348633, 2.369483232498169, 0.13634973764419556, -1.683692216873169, -1.10500967502594, 0.29931774735450745, -1.2199270725250244, -0.6987149715423584, 0.24212323129177094, 2.0359039306640625, 0.7651015520095825, 0.13685129582881927, -1.1488208770751953, -0.914654016494751, 0.6651307940483093, -0.1627335548400879, 0.5712271332740784]","[0.17075327038764954, 0.10192963480949402, -0.23443211615085602, -1.0598564147949219, -0.5982228517532349, -0.2416410893201828, 0.0476798452436924, 1.758216381072998, -0.6675460338592529, 0.41495281457901, -0.10336512327194214, -1.0711543560028076, -0.5750563144683838, -0.4761062264442444, -0.1604539006948471, 0.7804378867149353, 3.0376176834106445, 0.6619558930397034, -0.33065107464790344, -1.1095993518829346]","[-0.8380014896392822, 0.1768333613872528, 0.8332006335258484, 2.312727212905884, 2.7235612869262695, 0.5584299564361572, -1.1870864629745483, -1.5256693363189697, -2.634755849838257, -0.5656309723854065, 0.6395277380943298, 1.4014718532562256, 2.1356735229492188, 1.838150978088379, 0.14179766178131104, -1.1990678310394287, -2.504584789276123, -1.3517361879348755, 0.3012036085128784, 1.0883647203445435]",20
1707,12,76,20,1,1,1.4248586,63.84641,2.739843,1.0,1409.1235,"[0.6633676886558533, -0.9284665584564209, -2.086735486984253, -1.9196994304656982, 1.222769021987915, 2.1126151084899902, 1.8583621978759766, 1.084725260734558, 1.5937391519546509, 0.011431249789893627, -2.3168258666992188, -2.1146020889282227, -1.1010806560516357, 1.9765489101409912, 1.712626338005066, 0.9038468599319458, 1.3233317136764526, 1.377142071723938, -1.6701432466506958, -2.7142746448516846]","[-0.49577516317367554, -2.085257053375244, -1.0269712209701538, -0.6191321611404419, -1.1606411933898926, -1.1659120321273804, 2.147141218185425, 2.1403799057006836, 1.054585576057434, -2.2246599197387695, -2.4069674015045166, -0.8061739206314087, -0.9361780285835266, -1.03301203250885, 0.7435134053230286, 2.170806646347046, 1.566284418106079, -1.268978476524353, -2.4829463958740234, -0.7836615443229675]","[0.022160343825817108, 0.8908549547195435, 0.6702948212623596, 0.8724799156188965, -1.3432586193084717, -2.5339691638946533, -2.2030386924743652, -0.7372916340827942, -0.30954959988594055, 1.7817974090576172, 1.7115768194198608, 0.4946347177028656, -0.20328593254089355, -0.9975090622901917, -1.1916801929473877, -0.6938256025314331, -0.9292356967926025, -0.4447609782218933, -0.45258983969688416, 0.027881110087037086]","[-0.8112790584564209, -0.4784550368785858, -0.4533367455005646, 0.3702380657196045, 2.408205032348633, 2.369483232498169, 0.13634973764419556, -1.683692216873169, -1.10500967502594, 0.29931774735450745, -1.2199270725250244, -0.6987149715423584, 0.24212323129177094, 2.0359039306640625, 0.7651015520095825, 0.13685129582881927, -1.1488208770751953, -0.914654016494751, 0.6651307940483093, -0.1627335548400879]","[1.092689037322998, 0.17075327038764954, 0.10192963480949402, -0.23443211615085602, -1.0598564147949219, -0.5982228517532349, -0.2416410893201828, 0.0476798452436924, 1.758216381072998, -0.6675460338592529, 0.41495281457901, -0.10336512327194214, -1.0711543560028076, -0.5750563144683838, -0.4761062264442444, -0.1604539006948471, 0.7804378867149353, 3.0376176834106445, 0.6619558930397034, -0.33065107464790344]","[-1.8809399604797363, -0.8380014896392822, 0.1768333613872528, 0.8332006335258484, 2.312727212905884, 2.7235612869262695, 0.5584299564361572, -1.1870864629745483, -1.5256693363189697, -2.634755849838257, -0.5656309723854065, 0.6395277380943298, 1.4014718532562256, 2.1356735229492188, 1.838150978088379, 0.14179766178131104, -1.1990678310394287, -2.504584789276123, -1.3517361879348755, 0.3012036085128784]",20
1429,10,46,20,1,1,1.4856107,63.411377,2.7853148,1.0,1401.787,"[-2.1006388664245605, -2.3346493244171143, -2.345574140548706, 1.0170636177062988, 1.5494452714920044, 1.4714275598526, 1.531489372253418, 1.8108257055282593, -0.0965549573302269, -2.235499382019043, -1.8827075958251953, 0.9193713068962097, 2.0590715408325195, 1.7160724401474, 1.6000648736953735, 1.5204401016235352, 0.6371505856513977, -2.0050432682037354, -2.5314528942108154, -0.09564196318387985]","[-2.3502283096313477, -1.5967481136322021, -1.0496217012405396, -1.5909910202026367, -0.9926437139511108, 1.6343450546264648, 1.6560214757919312, -1.497389793395996, -2.5146801471710205, -1.6520112752914429, -0.7764910459518433, -1.7163983583450317, -1.3129760026931763, 2.240999460220337, 2.0141477584838867, -1.3661651611328125, -2.2269949913024902, -1.9062412977218628, -1.5822746753692627, -1.7301079034805298]","[1.6348598003387451, 1.6819095611572266, 0.1394881159067154, -0.4234636127948761, -1.10567307472229, -0.1051429957151413, -0.2730284035205841, -0.5129704475402832, 0.4810856580734253, 0.6921885013580322, 0.3978748917579651, -0.7418807744979858, -1.8728210926055908, -1.1807799339294434, -0.6130672693252563, -0.6145775318145752, 0.5563486218452454, 1.151189923286438, 1.7811156511306763, -0.7695510387420654]","[-0.6550591588020325, -0.48527929186820984, 0.4388960599899292, 1.220732569694519, 0.35331296920776367, -0.3922789692878723, -0.9040664434432983, -1.34566330909729, -0.5423853993415833, -1.2259807586669922, -0.08296501636505127, 0.9662759900093079, 0.998282790184021, -0.44992610812187195, -1.4252012968063354, -0.733148455619812, -0.41971057653427124, -0.3839935064315796, -0.6891995668411255, 0.36444735527038574]","[0.08931481838226318, 0.20633220672607422, 0.10784442722797394, -0.15635454654693604, -0.17344096302986145, -0.37779706716537476, -0.05339159816503525, 1.8661904335021973, 0.22451573610305786, 0.17155666649341583, -0.6909478306770325, -0.802394688129425, -0.5361344218254089, -0.37322139739990234, 0.1873796582221985, 1.7839258909225464, 0.0416877306997776, -0.08295205980539322, -0.03892441838979721, -0.4493197798728943]","[-0.07943811267614365, 0.0717039480805397, 1.5503565073013306, 2.5156731605529785, 2.271972417831421, -0.860828697681427, -1.2938724756240845, -2.8517632484436035, -1.2622184753417969, -0.27809634804725647, 1.0475376844406128, 2.3612606525421143, 2.4156017303466797, 0.5636864900588989, -1.1434285640716553, -1.7910722494125366, -1.433832049369812, -0.28203797340393066, 0.705849289894104, 1.8582864999771118]",20
1715,12,74,25,1,1,1.3719716,61.444008,3.0857038,1.0,1371.4513,"[0.7583853602409363, 0.9009507894515991, 0.6633676886558533, -0.9284665584564209, -2.086735486984253, -1.9196994304656982, 1.222769021987915, 2.1126151084899902, 1.8583621978759766, 1.084725260734558, 1.5937391519546509, 0.011431249789893627, -2.3168258666992188, -2.1146020889282227, -1.1010806560516357, 1.9765489101409912, 1.712626338005066, 0.9038468599319458, 1.3233317136764526, 1.377142071723938, -1.6701432466506958, -2.7142746448516846, -1.3086061477661133, 0.8133664131164551, 1.413621187210083]","[1.941035509109497, -0.3784042000770569, -0.49577516317367554, -2.085257053375244, -1.0269712209701538, -0.6191321611404419, -1.1606411933898926, -1.1659120321273804, 2.147141218185425, 2.1403799057006836, 1.054585576057434, -2.2246599197387695, -2.4069674015045166, -0.8061739206314087, -0.9361780285835266, -1.03301203250885, 0.7435134053230286, 2.170806646347046, 1.566284418106079, -1.268978476524353, -2.4829463958740234, -0.7836615443229675, -0.3550189435482025, -1.6288045644760132, 0.5694610476493835]","[-0.09100070595741272, 0.08453033119440079, 0.022160343825817108, 0.8908549547195435, 0.6702948212623596, 0.8724799156188965, -1.3432586193084717, -2.5339691638946533, -2.2030386924743652, -0.7372916340827942, -0.30954959988594055, 1.7817974090576172, 1.7115768194198608, 0.4946347177028656, -0.20328593254089355, -0.9975090622901917, -1.1916801929473877, -0.6938256025314331, -0.9292356967926025, -0.4447609782218933, -0.45258983969688416, 0.027881110087037086, -0.27095478773117065, -0.9035347700119019, -0.6959152817726135]","[-0.8490967154502869, -0.5134414434432983, -0.8112790584564209, -0.4784550368785858, -0.4533367455005646, 0.3702380657196045, 2.408205032348633, 2.369483232498169, 0.13634973764419556, -1.683692216873169, -1.10500967502594, 0.29931774735450745, -1.2199270725250244, -0.6987149715423584, 0.24212323129177094, 2.0359039306640625, 0.7651015520095825, 0.13685129582881927, -1.1488208770751953, -0.914654016494751, 0.6651307940483093, -0.1627335548400879, 0.5712271332740784, 2.1252472400665283, 0.25604891777038574]","[0.719028651714325, 1.252978801727295, 1.092689037322998, 0.17075327038764954, 0.10192963480949402, -0.23443211615085602, -1.0598564147949219, -0.5982228517532349, -0.2416410893201828, 0.0476798452436924, 1.758216381072998, -0.6675460338592529, 0.41495281457901, -0.10336512327194214, -1.0711543560028076, -0.5750563144683838, -0.4761062264442444, -0.1604539006948471, 0.7804378867149353, 3.0376176834106445, 0.6619558930397034, -0.33065107464790344, -1.1095993518829346, -1.24752938747406, -0.5832559466362]","[-1.2045438289642334, -1.5849400758743286, -1.8809399604797363, -0.8380014896392822, 0.1768333613872528, 0.8332006335258484, 2.312727212905884, 2.7235612869262695, 0.5584299564361572, -1.1870864629745483, -1.5256693363189697, -2.634755849838257, -0.5656309723854065, 0.6395277380943298, 1.4014718532562256, 2.1356735229492188, 1.838150978088379, 0.14179766178131104, -1.1990678310394287, -2.504584789276123, -1.3517361879348755, 0.3012036085128784, 1.0883647203445435, 2.2658309936523438, 1.7729345560073853]",25
2687,19,16,20,1,1,1.5554497,61.480045,2.6526282,1.0,1359.1798,"[-1.0155079364776611, 1.4072383642196655, 1.2062987089157104, 1.0318139791488647, 1.610652208328247, 1.606520652770996, 0.25100111961364746, -2.0870862007141113, -2.2837955951690674, 0.21241185069084167, 1.5864895582199097, 1.15020751953125, 1.4624422788619995, 1.3853373527526855, 1.5042532682418823, -0.3300960659980774, -1.9670698642730713, -0.6872575283050537, 1.707998275756836, 1.1789768934249878]","[-0.996731162071228, -1.5981245040893555, 0.9092408418655396, 2.083338737487793, 1.3293063640594482, -1.4768896102905273, -1.4381102323532104, -1.3980343341827393, -1.0185298919677734, -1.845595359802246, -1.3092877864837646, 1.7407126426696777, 1.6399707794189453, 0.10873144119977951, -1.844943881034851, -2.323805570602417, -1.485414743423462, -1.2812820672988892, -1.4916114807128906, 0.7811362147331238]","[0.03740791603922844, -1.078284502029419, -0.8658948540687561, -0.5519471168518066, -0.6342635154724121, -0.7540333867073059, -0.30809465050697327, 1.6540374755859375, -0.10555922985076904, -1.1046717166900635, -0.8317480683326721, -0.5825775861740112, 0.04641060531139374, -0.06927032768726349, -1.3451147079467773, 0.01943681761622429, 0.5011675953865051, 0.013777192682027817, -1.4433574676513672, -0.6796864867210388]","[0.3573049008846283, 1.1512683629989624, 0.8069837689399719, -0.7230929136276245, -0.9951324462890625, -0.29017725586891174, 0.24053709208965302, -0.37583789229393005, -0.4448640048503876, 1.184602975845337, 0.2261127531528473, 0.05304940417408943, -0.8283764719963074, -1.0437097549438477, -0.5678807497024536, 0.49074459075927734, -0.9148244857788086, 1.832013726234436, 1.915261149406433, 0.6148691177368164]","[-0.6258736252784729, -0.8986750245094299, -0.033597853034734726, -0.26706090569496155, 0.36473193764686584, 2.08213210105896, -0.37647828459739685, 0.16859878599643707, 0.39309927821159363, -1.2006994485855103, -0.6741449236869812, -0.646705687046051, 0.3673880994319916, 2.4137160778045654, 1.3701848983764648, -0.38262808322906494, -0.3990016281604767, -1.1365172863006592, -0.4533764123916626, -0.5230157971382141]","[0.8326717019081116, 1.2056485414505005, 1.7063418626785278, 0.13074150681495667, -1.7341666221618652, -1.634016752243042, -0.9511953592300415, -0.53488689661026, 0.5792235732078552, 1.3872013092041016, 1.6418311595916748, 1.1350566148757935, -1.2985877990722656, -1.7117691040039062, -2.2756307125091553, -1.6459039449691772, 0.37810930609703064, 1.4770201444625854, 2.1440844535827637, 1.7450836896896362]",20
3246,23,51,20,3,3,1.7893212,32.06469,2.2566335,0.8112781244591329,749.5567,"[-0.5555819272994995, -0.5736526250839233, -0.4786960184574127, -0.5347712635993958, -0.40139129757881165, 0.22216801345348358, 0.1064976379275322, 0.06459975987672806, -0.5390691757202148, -0.4953221082687378, -0.36650562286376953, -0.21677571535110474, -0.1999196857213974, -0.2467862069606781, -0.19640710949897766, -0.5027052164077759, -0.4167337119579315, -0.6500875353813171, -0.11036013066768646, -0.16905491054058075]","[-0.13471969962120056, -0.20080019533634186, -0.3661787211894989, -0.30222952365875244, 0.004655496682971716, 0.04194039851427078, 0.5239694714546204, 0.8982821106910706, 0.9596940875053406, 0.5452642440795898, 0.2689840793609619, 0.18746820092201233, 0.2775450050830841, -0.08090934157371521, -0.08544377982616425, -0.2981589436531067, -0.11690471321344376, 0.11776074022054672, 0.2224111706018448, 0.13352476060390472]","[0.2248501032590866, 0.46718236804008484, 0.4602539539337158, 0.26017361879348755, 0.058701641857624054, -0.10506445914506912, -0.139315664768219, -0.003736113430932164, 0.11974389106035233, 0.19666771590709686, 0.37099993228912354, 0.4075500965118408, 0.5093491673469543, 0.49331697821617126, 0.3750399947166443, 0.3031649589538574, 0.23802611231803894, 0.2712392508983612, 0.304336816072464, 0.2466256469488144]","[-0.12994112074375153, -0.07321605831384659, 0.10440296679735184, 0.4709285795688629, 0.45498767495155334, 0.40722280740737915, 0.4679124057292938, 0.24302726984024048, -0.6106134653091431, -0.18357695639133453, -0.08862264454364777, -0.23368243873119354, -0.04410629719495773, -0.3438837230205536, -0.15854205191135406, -0.15150412917137146, 0.11719772964715958, 0.07738149166107178, 0.7488694190979004, 0.5106068253517151]","[0.03553153574466705, 0.20329098403453827, -0.07691478729248047, -0.15898708999156952, -0.2960408926010132, -0.37566858530044556, -0.1431802362203598, 0.1474028080701828, 0.15801045298576355, 0.05942201614379883, 0.12434803694486618, 0.11133503168821335, 0.15286192297935486, 0.18678094446659088, 0.13995219767093658, 0.13216067850589752, -0.12719227373600006, -0.3423581123352051, -0.5396609306335449, -0.6397289633750916]","[-0.1589846909046173, -0.24645550549030304, -0.11081874370574951, 0.22484150528907776, 0.3252670466899872, 0.5237561464309692, 0.5858259201049805, 0.24120499193668365, -0.009072025306522846, -0.16228440403938293, 0.02559661865234375, -0.035689838230609894, -0.12702643871307373, -0.502678394317627, -0.5773243308067322, -0.12978017330169678, 0.17061220109462738, 0.2579352557659149, 0.3459300100803375, 0.5312185287475586]",20
4762,34,84,10,0,0,1.3256443,31.312834,1.6041183,0.8112781244591329,714.9441,"[2.919673204421997, 2.8981728553771973, -0.960117518901825, -0.4297714829444885, -0.4774160385131836, -0.2535552382469177, -0.4010991156101227, -0.5273759365081787, -0.7459911108016968, -0.5206749439239502]","[0.9916654229164124, -1.9796268939971924, -0.2597256004810333, -0.07851085066795349, 0.34252074360847473, 0.41407591104507446, 0.30259567499160767, 0.2232954353094101, -0.5641236901283264, -0.22424134612083435]","[-4.821044921875, 2.0409507751464844, 2.550589084625244, 2.0695812702178955, 2.5534579753875732, 1.009686827659607, 0.496743768453598, 0.7439244389533997, 0.8696442246437073, 0.0001889451377792284]","[-4.8250603675842285, -2.942166805267334, 2.0556962490081787, 1.1403449773788452, -1.9604039192199707, -0.44143903255462646, -1.7214343547821045, -1.1769708395004272, -0.76383376121521, 0.2635423243045807]","[-0.9535363912582397, -1.8492350578308105, -1.0577971935272217, -0.752267062664032, 0.14009301364421844, 0.1998225599527359, 0.4179539978504181, 0.6415351629257202, 0.36563000082969666, -0.01949656382203102]","[-4.75697135925293, 0.0912407711148262, 0.4241017997264862, 0.5832625031471252, 0.329460471868515, -0.13344551622867584, -0.2838384211063385, -0.19892369210720062, -0.3200342655181885, -0.2779393196105957]",10
3258,23,53,25,3,3,1.3676114,29.155714,2.5511246,1.0,709.648,"[-0.4786960184574127, -0.5347712635993958, -0.40139129757881165, 0.22216801345348358, 0.1064976379275322, 0.06459975987672806, -0.5390691757202148, -0.4953221082687378, -0.36650562286376953, -0.21677571535110474, -0.1999196857213974, -0.2467862069606781, -0.19640710949897766, -0.5027052164077759, -0.4167337119579315, -0.6500875353813171, -0.11036013066768646, -0.16905491054058075, -0.1335257589817047, -0.20147566497325897, -0.1759786158800125, -0.2404666244983673, -0.47615480422973633, -0.66499263048172, -0.7287445068359375]","[-0.3661787211894989, -0.30222952365875244, 0.004655496682971716, 0.04194039851427078, 0.5239694714546204, 0.8982821106910706, 0.9596940875053406, 0.5452642440795898, 0.2689840793609619, 0.18746820092201233, 0.2775450050830841, -0.08090934157371521, -0.08544377982616425, -0.2981589436531067, -0.11690471321344376, 0.11776074022054672, 0.2224111706018448, 0.13352476060390472, 0.5474416613578796, 1.037297248840332, 0.8057188987731934, 0.7912487983703613, 0.6300914287567139, -0.3342588245868683, -0.3863862454891205]","[0.4602539539337158, 0.26017361879348755, 0.058701641857624054, -0.10506445914506912, -0.139315664768219, -0.003736113430932164, 0.11974389106035233, 0.19666771590709686, 0.37099993228912354, 0.4075500965118408, 0.5093491673469543, 0.49331697821617126, 0.3750399947166443, 0.3031649589538574, 0.23802611231803894, 0.2712392508983612, 0.304336816072464, 0.2466256469488144, 0.47039228677749634, 0.35722866654396057, 0.17697283625602722, 0.312092661857605, 0.41089701652526855, 0.36645421385765076, 0.27661779522895813]","[0.10440296679735184, 0.4709285795688629, 0.45498767495155334, 0.40722280740737915, 0.4679124057292938, 0.24302726984024048, -0.6106134653091431, -0.18357695639133453, -0.08862264454364777, -0.23368243873119354, -0.04410629719495773, -0.3438837230205536, -0.15854205191135406, -0.15150412917137146, 0.11719772964715958, 0.07738149166107178, 0.7488694190979004, 0.5106068253517151, 0.32109686732292175, -0.09762907028198242, -0.5454594492912292, -0.6234505772590637, -0.16294550895690918, -0.645084798336029, -0.4694700837135315]","[-0.07691478729248047, -0.15898708999156952, -0.2960408926010132, -0.37566858530044556, -0.1431802362203598, 0.1474028080701828, 0.15801045298576355, 0.05942201614379883, 0.12434803694486618, 0.11133503168821335, 0.15286192297935486, 0.18678094446659088, 0.13995219767093658, 0.13216067850589752, -0.12719227373600006, -0.3423581123352051, -0.5396609306335449, -0.6397289633750916, -0.47870948910713196, -0.16074594855308533, 0.3867082893848419, 0.4296158254146576, 0.3477485477924347, 0.41767406463623047, 0.3438722789287567]","[-0.11081874370574951, 0.22484150528907776, 0.3252670466899872, 0.5237561464309692, 0.5858259201049805, 0.24120499193668365, -0.009072025306522846, -0.16228440403938293, 0.02559661865234375, -0.035689838230609894, -0.12702643871307373, -0.502678394317627, -0.5773243308067322, -0.12978017330169678, 0.17061220109462738, 0.2579352557659149, 0.3459300100803375, 0.5312185287475586, 0.4153609871864319, 0.13260971009731293, -0.10577940940856934, -0.3980790674686432, -0.314104288816452, -0.5412700772285461, -0.14475475251674652]",25
3806,27,24,20,3,3,1.6294165,29.031963,2.2917027,1.0,699.3904,"[0.08371488749980927, -0.4529821574687958, -0.8397922515869141, -0.6287251114845276, -0.5932852029800415, -0.22050154209136963, -0.0742800235748291, 0.03993914648890495, 0.06981796026229858, -0.12899471819400787, -0.502568244934082, -0.6775442957878113, -0.11497903615236282, -0.2991771996021271, -0.5382382869720459, -0.378468781709671, -0.24840831756591797, -0.3620925843715668, -0.48373955488204956, -0.42905378341674805]","[-0.06444607675075531, 0.07217366248369217, -0.1305529624223709, -0.22043630480766296, -0.3639921247959137, -0.14403900504112244, 0.3473891615867615, 0.5031072497367859, 0.5614385604858398, 0.6670645475387573, 0.6626191139221191, 0.5033125877380371, 0.0874747782945633, 0.1542178988456726, 0.3097955882549286, 0.25749272108078003, -0.010321316309273243, -0.18117165565490723, 0.017560206353664398, -0.111190564930439]","[0.2831713557243347, 0.43776077032089233, 0.4562510550022125, 0.18693183362483978, -0.006613433826714754, -0.09396685659885406, -0.058893050998449326, 0.0804700180888176, 0.14466574788093567, -0.05107584968209267, 0.12527704238891602, 0.34390535950660706, 0.09969489276409149, 0.14313487708568573, 0.05057501420378685, 0.06088807061314583, 0.10044616460800171, 0.36894047260284424, 0.3556925058364868, 0.21547436714172363]","[-0.12850424647331238, -0.30578821897506714, -0.12303660809993744, -0.17267043888568878, -0.10005301982164383, 0.027295846492052078, 0.17812873423099518, 0.8866264820098877, 0.7380541563034058, -0.24879929423332214, -0.2733529806137085, 0.20265927910804749, -0.4585746228694916, -0.0036813681945204735, 0.08051007986068726, -0.22833789885044098, -0.17764520645141602, -0.06477106362581253, 0.12963715195655823, 0.11064979434013367]","[0.32530683279037476, 0.4660501182079315, 0.23325249552726746, 0.27919507026672363, -0.13029465079307556, -0.545850396156311, -0.5357921123504639, -0.8757761120796204, -0.05835592746734619, 0.270538330078125, -0.043544553220272064, -0.006186158396303654, 0.31458571553230286, 0.4243033528327942, -0.049989987164735794, 0.1514468938112259, -0.056153420358896255, -0.07783722877502441, -0.14682753384113312, -0.09192994982004166]","[-0.5956257581710815, -0.38841044902801514, -0.15824729204177856, -0.1672746241092682, 0.18250656127929688, 0.3860023617744446, 0.28128546476364136, 0.2747250199317932, 0.280394047498703, 0.28849416971206665, 0.04028945788741112, 0.00598169257864356, -0.3420455753803253, 0.14432072639465332, 0.07077278941869736, -0.2337486445903778, -0.3529861569404602, -0.4447411596775055, -0.07983998954296112, 0.04688301309943199]",20
3251,23,52,25,3,3,1.4747567,28.585503,2.53052,1.0,697.6257,"[-0.5736526250839233, -0.4786960184574127, -0.5347712635993958, -0.40139129757881165, 0.22216801345348358, 0.1064976379275322, 0.06459975987672806, -0.5390691757202148, -0.4953221082687378, -0.36650562286376953, -0.21677571535110474, -0.1999196857213974, -0.2467862069606781, -0.19640710949897766, -0.5027052164077759, -0.4167337119579315, -0.6500875353813171, -0.11036013066768646, -0.16905491054058075, -0.1335257589817047, -0.20147566497325897, -0.1759786158800125, -0.2404666244983673, -0.47615480422973633, -0.66499263048172]","[-0.20080019533634186, -0.3661787211894989, -0.30222952365875244, 0.004655496682971716, 0.04194039851427078, 0.5239694714546204, 0.8982821106910706, 0.9596940875053406, 0.5452642440795898, 0.2689840793609619, 0.18746820092201233, 0.2775450050830841, -0.08090934157371521, -0.08544377982616425, -0.2981589436531067, -0.11690471321344376, 0.11776074022054672, 0.2224111706018448, 0.13352476060390472, 0.5474416613578796, 1.037297248840332, 0.8057188987731934, 0.7912487983703613, 0.6300914287567139, -0.3342588245868683]","[0.46718236804008484, 0.4602539539337158, 0.26017361879348755, 0.058701641857624054, -0.10506445914506912, -0.139315664768219, -0.003736113430932164, 0.11974389106035233, 0.19666771590709686, 0.37099993228912354, 0.4075500965118408, 0.5093491673469543, 0.49331697821617126, 0.3750399947166443, 0.3031649589538574, 0.23802611231803894, 0.2712392508983612, 0.304336816072464, 0.2466256469488144, 0.47039228677749634, 0.35722866654396057, 0.17697283625602722, 0.312092661857605, 0.41089701652526855, 0.36645421385765076]","[-0.07321605831384659, 0.10440296679735184, 0.4709285795688629, 0.45498767495155334, 0.40722280740737915, 0.4679124057292938, 0.24302726984024048, -0.6106134653091431, -0.18357695639133453, -0.08862264454364777, -0.23368243873119354, -0.04410629719495773, -0.3438837230205536, -0.15854205191135406, -0.15150412917137146, 0.11719772964715958, 0.07738149166107178, 0.7488694190979004, 0.5106068253517151, 0.32109686732292175, -0.09762907028198242, -0.5454594492912292, -0.6234505772590637, -0.16294550895690918, -0.645084798336029]","[0.20329098403453827, -0.07691478729248047, -0.15898708999156952, -0.2960408926010132, -0.37566858530044556, -0.1431802362203598, 0.1474028080701828, 0.15801045298576355, 0.05942201614379883, 0.12434803694486618, 0.11133503168821335, 0.15286192297935486, 0.18678094446659088, 0.13995219767093658, 0.13216067850589752, -0.12719227373600006, -0.3423581123352051, -0.5396609306335449, -0.6397289633750916, -0.47870948910713196, -0.16074594855308533, 0.3867082893848419, 0.4296158254146576, 0.3477485477924347, 0.41767406463623047]","[-0.24645550549030304, -0.11081874370574951, 0.22484150528907776, 0.3252670466899872, 0.5237561464309692, 0.5858259201049805, 0.24120499193668365, -0.009072025306522846, -0.16228440403938293, 0.02559661865234375, -0.035689838230609894, -0.12702643871307373, -0.502678394317627, -0.5773243308067322, -0.12978017330169678, 0.17061220109462738, 0.2579352557659149, 0.3459300100803375, 0.5312185287475586, 0.4153609871864319, 0.13260971009731293, -0.10577940940856934, -0.3980790674686432, -0.314104288816452, -0.5412700772285461]",25
3114,22,49,25,3,3,1.5879178,28.374348,2.5698786,0.8809469806454897,688.6307,"[-0.04783403500914574, -0.13482004404067993, -0.44734248518943787, -0.48231494426727295, -0.45977017283439636, -0.5091492533683777, -0.5160114765167236, 0.03416664898395538, 0.022063100710511208, -0.07619759440422058, -0.4009990096092224, -0.4537673592567444, -0.49795424938201904, -0.40433430671691895, -0.007396908476948738, -0.05469367280602455, -0.2219933718442917, -0.44934186339378357, -0.5219579935073853, -0.6594138741493225, -0.31985214352607727, -0.3259340226650238, -0.1965278834104538, -0.10355660319328308, 0.041304945945739746]","[0.6269542574882507, 0.3955431282520294, 0.31867715716362, 0.04687514156103134, -0.16879485547542572, -0.40051135420799255, -0.21779853105545044, -0.02526419423520565, 0.11421237885951996, 0.32058247923851013, 0.41981619596481323, 0.4592203199863434, 0.43494123220443726, 0.5707805752754211, 0.6241868138313293, 0.3481375575065613, 0.1499485820531845, 0.06797796487808228, -0.272445410490036, -0.31556662917137146, -0.06501481682062149, 0.004697267431765795, 0.4531289041042328, 0.7663450837135315, 0.5274026393890381]","[0.3543119728565216, 0.4588582515716553, 0.3082093298435211, 0.20502540469169617, 0.41745489835739136, 0.3074778914451599, 0.2673381268978119, 0.18993104994297028, -0.1618594527244568, -0.009142558090388775, 0.13341817259788513, 0.25574371218681335, 0.3266303241252899, 0.5492614507675171, 0.5053097009658813, 0.472431480884552, 0.29868176579475403, 0.1475425809621811, 0.30623680353164673, 0.561633288860321, 0.6210473775863647, 0.2967044413089752, 0.3470959961414337, 0.31386253237724304, 0.15483194589614868]","[-0.16306616365909576, -0.13281802833080292, 0.11880983412265778, -0.43976783752441406, -0.06967241317033768, 0.30675262212753296, 0.051984284073114395, 0.08341217786073685, 0.0034966107923537493, 0.2150547057390213, 0.38461366295814514, -0.04017776995897293, -0.019666394218802452, 0.14829540252685547, 0.1938147395849228, -0.4839191436767578, -0.316131591796875, -0.31950643658638, -0.14017748832702637, 0.07474035024642944, 0.2656431198120117, 0.21499259769916534, 0.06667780876159668, 0.40701186656951904, 0.12423256039619446]","[0.17216847836971283, 0.21442767977714539, -0.04785924032330513, 0.17733420431613922, 0.00977272167801857, -0.15740257501602173, -0.15130816400051117, -0.29916733503341675, 0.07559256255626678, -0.050966497510671616, -0.17129097878932953, -0.015421215444803238, 0.051982566714286804, 0.014900656417012215, 0.13617722690105438, 0.18040500581264496, 0.17947638034820557, 0.3119088411331177, -0.031559038907289505, -0.19922994077205658, -0.5727338194847107, -0.18641264736652374, -0.34879547357559204, -0.36352309584617615, -0.055569108575582504]","[-0.22902528941631317, -0.2685679495334625, -0.15784363448619843, -0.29257309436798096, -0.3744766414165497, -0.017970064654946327, 0.07677175849676132, 0.33264684677124023, 0.3668935298919678, 0.3213335871696472, 0.281069815158844, 0.3846110701560974, 0.38501831889152527, 0.09746669232845306, -0.17139996588230133, -0.5439496040344238, -0.5151605606079102, -0.3673514723777771, -0.3920658230781555, -0.23427164554595947, 0.29463517665863037, 0.48891180753707886, 0.532166600227356, 0.3534660339355469, 0.3624202311038971]",25
4778,34,76,15,0,0,1.5334852,22.929304,1.6451528,0.8112781244591329,548.5046,"[-0.18476511538028717, -0.31039413809776306, -1.0443650484085083, -0.6844571828842163, 1.34091055393219, 0.5542667508125305, 0.4258183240890503, 1.4340347051620483, 2.919673204421997, 2.8981728553771973, -0.960117518901825, -0.4297714829444885, -0.4774160385131836, -0.2535552382469177, -0.4010991156101227]","[0.1624385118484497, -0.5957027077674866, -0.25020119547843933, 0.16166803240776062, 0.6000896692276001, -0.5075401663780212, 1.496159315109253, 2.016409158706665, 0.9916654229164124, -1.9796268939971924, -0.2597256004810333, -0.07851085066795349, 0.34252074360847473, 0.41407591104507446, 0.30259567499160767]","[-0.4305554926395416, 0.1966719776391983, 0.2617981731891632, -0.297609806060791, -1.4496885538101196, -0.6088262796401978, -0.7992659211158752, -2.3169243335723877, -4.821044921875, 2.0409507751464844, 2.550589084625244, 2.0695812702178955, 2.5534579753875732, 1.009686827659607, 0.496743768453598]","[2.1859118938446045, 0.690602719783783, 0.23905408382415771, 1.9120575189590454, 1.6305738687515259, 0.6155848503112793, 1.9654111862182617, 0.21497975289821625, -4.8250603675842285, -2.942166805267334, 2.0556962490081787, 1.1403449773788452, -1.9604039192199707, -0.44143903255462646, -1.7214343547821045]","[-0.2697643041610718, 0.05139809101819992, 0.2139110416173935, -0.11586204916238785, 0.022328222170472145, 0.2184222787618637, 0.30222609639167786, 0.790968120098114, -0.9535363912582397, -1.8492350578308105, -1.0577971935272217, -0.752267062664032, 0.14009301364421844, 0.1998225599527359, 0.4179539978504181]","[1.2104344367980957, 1.0756992101669312, 1.0766934156417847, 1.4890918731689453, 1.4848361015319824, 1.402461290359497, 1.5181225538253784, 0.2880966067314148, -4.75697135925293, 0.0912407711148262, 0.4241017997264862, 0.5832625031471252, 0.329460471868515, -0.13344551622867584, -0.2838384211063385]",15
5320,38,29,10,0,0,1.3173854,20.984503,1.3824732,0.8112781244591329,501.72815,"[-0.546766459941864, -0.4745263159275055, -0.4385822117328644, -0.4167175889015198, -0.23940660059452057, -0.33212897181510925, -0.4830828011035919, -0.08922706544399261, 1.943719744682312, 0.2675003111362457]","[-0.298445463180542, 0.057139135897159576, 0.263467013835907, 0.19041316211223602, 0.090951107442379, -0.5884270668029785, -0.6093804240226746, 1.5788209438323975, -1.0070184469223022, -1.8483726978302002]","[0.11013757437467575, 0.036658875644207, 0.43062275648117065, 0.3565177321434021, 0.7284762859344482, -0.63847815990448, -0.46021637320518494, -2.376574993133545, -1.5799407958984375, -0.09521196782588959]","[-0.08129211515188217, -0.8047091364860535, -0.008066265843808651, 0.035033658146858215, 0.15993134677410126, 0.12023955583572388, 0.5970025062561035, 1.0903184413909912, -1.086000919342041, 0.25464725494384766]","[-0.7719913721084595, -0.7619245648384094, -0.5453418493270874, -0.2319232076406479, -0.005999589804559946, -0.5739156603813171, -0.507354736328125, 0.40711909532546997, -4.372641563415527, -0.11416353285312653]","[0.5494867563247681, 0.32983458042144775, 0.31630030274391174, 0.41231003403663635, 0.26302003860473633, 0.2893645167350769, 0.46536707878112793, 0.17888525128364563, -2.6947481632232666, 1.115817666053772]",10
4763,34,77,10,0,0,0.9936904,20.229425,1.2008392,0.8112781244591329,481.17758,"[-0.31039413809776306, -1.0443650484085083, -0.6844571828842163, 1.34091055393219, 0.5542667508125305, 0.4258183240890503, 1.4340347051620483, 2.919673204421997, 2.8981728553771973, -0.960117518901825]","[-0.5957027077674866, -0.25020119547843933, 0.16166803240776062, 0.6000896692276001, -0.5075401663780212, 1.496159315109253, 2.016409158706665, 0.9916654229164124, -1.9796268939971924, -0.2597256004810333]","[0.1966719776391983, 0.2617981731891632, -0.297609806060791, -1.4496885538101196, -0.6088262796401978, -0.7992659211158752, -2.3169243335723877, -4.821044921875, 2.0409507751464844, 2.550589084625244]","[0.690602719783783, 0.23905408382415771, 1.9120575189590454, 1.6305738687515259, 0.6155848503112793, 1.9654111862182617, 0.21497975289821625, -4.8250603675842285, -2.942166805267334, 2.0556962490081787]","[0.05139809101819992, 0.2139110416173935, -0.11586204916238785, 0.022328222170472145, 0.2184222787618637, 0.30222609639167786, 0.790968120098114, -0.9535363912582397, -1.8492350578308105, -1.0577971935272217]","[1.0756992101669312, 1.0766934156417847, 1.4890918731689453, 1.4848361015319824, 1.402461290359497, 1.5181225538253784, 0.2880966067314148, -4.75697135925293, 0.0912407711148262, 0.4241017997264862]",10
4625,33,58,10,0,0,1.1689534,19.44271,1.3511052,0.8112781244591329,469.9513,"[0.36578696966171265, 1.0278549194335938, 0.8795462846755981, 3.0776424407958984, 1.0248626470565796, 0.8029893636703491, -0.002980149118229747, -0.3322661221027374, -0.47458338737487793, 0.4742305278778076]","[-0.7678157687187195, 0.42008069157600403, 1.4230059385299683, 0.6922749876976013, -1.9300153255462646, -0.7829595804214478, 0.6102805137634277, 0.22167037427425385, 0.35568684339523315, -0.19648794829845428]","[-0.7393151521682739, -0.9547052979469299, -3.5220298767089844, -3.1137259006500244, -0.7458786368370056, 0.7331705093383789, 2.013906240463257, 1.2364845275878906, 1.4142873287200928, -0.311960369348526]","[-0.472267746925354, 0.5954087972640991, 0.38477233052253723, -3.9754812717437744, 2.669595956802368, 0.7660900950431824, 3.863557815551758, 0.7921900749206543, 0.38341444730758667, -1.0869495868682861]","[2.4728636741638184, 1.7781108617782593, 1.0492844581604004, -2.4631149768829346, -1.7838671207427979, -2.184143543243408, -0.6446308493614197, 0.2824791371822357, 0.6483612060546875, 2.429398536682129]","[-0.030139297246932983, 0.9307534694671631, 1.1825969219207764, -4.088804244995117, 0.19605356454849243, 0.6125316619873047, 0.9516819715499878, -0.5695540308952332, -0.4665317237377167, -0.531730592250824]",10
