source_id,start_pos,length,class_label,quality,values
0,16,7,0,-11.68695601853299,"[-0.20619000494480133, 0.6133300065994263, 1.3697999715805054, 1.464400053024292, 1.0546000003814697, 0.5818099975585938, 0.17204999923706055]"
0,0,8,0,-11.68695601853299,"[-0.7105200290679932, -1.1833000183105469, -1.3724000453948975, -1.5930999517440796, -1.4670000076293945, -1.3724000453948975, -1.0887999534606934, 0.04596700146794319]"
0,10,8,0,-12.047920065904538,"[1.2753000259399414, 0.9600499868392944, 0.6133300065994263, 0.014446999877691269, -0.6474800109863281, -0.2692300081253052, -0.20619000494480133, 0.6133300065994263]"
0,5,7,0,-12.376615713655978,"[-1.3724000453948975, -1.0887999534606934, 0.04596700146794319, 0.9285299777984619, 1.0860999822616577, 1.2753000259399414, 0.9600499868392944]"
1,0,7,0,-11.68695601853299,"[-0.9930099844932556, -1.426800012588501, -1.5799000263214111, -1.6053999662399292, -1.6309000253677368, -1.3758000135421753, -1.0184999704360962]"
1,13,10,0,-11.68695601853299,"[0.4614199995994568, 0.4869399964809418, 0.563480019569397, 0.6145200133323669, 0.30831998586654663, 0.2572900056838989, 1.0993000268936157, 1.04830002784729, 0.691070020198822, -0.04890599846839905]"
1,8,7,0,-12.047920065904538,"[0.7165799736976624, 1.2014000415802002, 1.1247999668121338, 1.04830002784729, 0.7931299805641174, 0.4614199995994568, 0.4869399964809418]"
1,4,7,0,-12.237933518879123,"[-1.6309000253677368, -1.3758000135421753, -1.0184999704360962, -0.35510000586509705, 0.7165799736976624, 1.2014000415802002, 1.1247999668121338]"
2,1,7,1,-11.68695601853299,"[0.5697699785232544, 0.19513000547885895, -0.08585599809885025, -0.17951999604701996, -0.2731800079345703, -0.08585599809885025, -1.3970999717712402]"
2,12,7,1,-11.68695601853299,"[0.007805100176483393, -0.46050000190734863, -0.5541599988937378, -0.7414900064468384, -0.7414900064468384, -0.7414900064468384, -1.1160999536514282]"
2,5,7,1,-12.101126963439633,"[-0.2731800079345703, -0.08585599809885025, -1.3970999717712402, -1.1160999536514282, -0.7414900064468384, 0.007805100176483393, -0.08585599809885025]"
2,16,7,1,-12.335978517984882,"[-0.7414900064468384, -0.7414900064468384, -1.1160999536514282, -0.46050000190734863, 0.4761100113391876, 2.349299907684326, 2.25570011138916]"
3,16,8,1,-11.68695601853299,"[0.8843399882316589, 0.6830300092697144, 0.6255099773406982, 0.42419999837875366, -0.007189800031483173, -0.03594899922609329, 0.10785000026226044, -0.2660199999809265]"
3,11,9,1,-11.68695601853299,"[1.200700044631958, 0.9993799924850464, 0.6542699933052063, 0.7405499815940857, 0.8843399882316589, 0.8843399882316589, 0.6830300092697144, 0.6255099773406982, 0.42419999837875366]"
3,0,7,1,-12.101126963439633,"[-0.8124399781227112, -1.1576000452041626, -1.4163999557495117, -1.5313999652862549, -1.5026999711990356, -1.4163999557495117, -1.6464999914169312]"
3,4,7,1,-12.335978517984882,"[-1.5026999711990356, -1.4163999557495117, -1.6464999914169312, -0.46733999252319336, 0.6542699933052063, 1.0569000244140625, 1.344499945640564]"
4,0,7,0,-11.68695601853299,"[-0.9728400111198425, -1.3904999494552612, -1.5367000102996826, -1.6202000379562378, -1.6202000379562378, -1.4531999826431274, -0.9937199950218201]"
4,12,11,0,-11.68695601853299,"[0.6560999751091003, 0.38460999727249146, 0.3219600021839142, 0.48903000354766846, 0.614329993724823, 1.3035000562667847, 1.2409000396728516, 1.073799967765808, 0.5516800284385681, 0.4263800084590912, -0.17925000190734863]"
4,7,7,0,-12.047920065904538,"[0.05046899989247322, 0.6352199912071228, 1.031999945640564, 0.8022900223731995, 0.823170006275177, 0.6560999751091003, 0.38460999727249146]"
5,1,9,0,-11.68695601853299,"[-0.2778100073337555, -0.7617300152778625, -0.8692700266838074, -1.138100028038025, -1.0843000411987305, -1.138100028038025, -0.6004199981689453, -1.0843000411987305, -0.2778100073337555]"
5,13,7,0,-12.047920065904538,"[0.09857700020074844, -0.2778100073337555, -0.38534998893737793, -0.6004199981689453, -0.5466499924659729, -0.49289000034332275, 0.3674199879169464]"
5,6,8,0,-12.335978517984882,"[-1.138100028038025, -0.6004199981689453, -1.0843000411987305, -0.2778100073337555, 0.3674199879169464, 0.47495999932289124, 0.5287299752235413, 0.09857700020074844]"
5,17,7,0,-12.533395363059737,"[-0.5466499924659729, -0.49289000034332275, 0.3674199879169464, 2.303100109100342, 2.0880000591278076, 1.7654000520706177, 1.1740000247955322]"
6,2,7,1,-11.68695601853299,"[-1.0870000123977661, -1.3933000564575195, -1.3933000564575195, -1.291200041770935, -1.750599980354309, -0.729610025882721, 0.3424699902534485]"
6,10,11,1,-11.68695601853299,"[1.8229999542236328, 1.7719000577926636, 1.1592999696731567, 0.8019300103187561, 0.18931999802589417, -0.014890000224113464, -0.06594099849462509, -0.06594099849462509, -0.014890000224113464, 0.08721300214529037, -0.32120001316070557]"
6,6,7,1,-12.101126963439633,"[-1.750599980354309, -0.729610025882721, 0.3424699902534485, 1.720900058746338, 1.8229999542236328, 1.7719000577926636, 1.1592999696731567]"
7,0,7,0,-11.68695601853299,"[-1.0990999937057495, -1.375599980354309, -1.5230000019073486, -1.5599000453948975, -1.5967999696731567, -1.430899977684021, -1.1359000205993652]"
7,12,7,0,-11.68695601853299,"[0.799530029296875, 0.430869996547699, 0.5598999857902527, 0.6336299777030945, 0.8363999724388123, 0.7810999751091003, 1.2051000595092773]"
7,4,8,0,-12.047920065904538,"[-1.5967999696731567, -1.430899977684021, -1.1359000205993652, -0.2327200025320053, 0.6520699858665466, 0.9470000267028809, 1.0023000240325928, 0.9101300239562988]"
7,16,7,0,-12.335978517984882,"[0.8363999724388123, 0.7810999751091003, 1.2051000595092773, 0.9838600158691406, 0.5967699885368347, 0.30184000730514526, -0.12212000042200089]"
8,0,7,0,-11.68695601853299,"[-1.149899959564209, -1.5492000579833984, -1.489300012588501, -1.569200038909912, -1.569200038909912, -1.4493999481201172, -1.090000033378601]"
8,14,8,0,-11.68695601853299,"[0.6073799729347229, 0.6273499727249146, 0.6872599720954895, 0.7271999716758728, 1.0666999816894531, 0.9668200016021729, 0.5874199867248535, 0.3677600026130676]"
8,4,7,0,-12.047920065904538,"[-1.569200038909912, -1.4493999481201172, -1.090000033378601, 0.08819600194692612, 0.347790002822876, 1.0666999816894531, 1.106600046157837]"
8,8,7,0,-12.237933518879123,"[0.347790002822876, 1.0666999816894531, 1.106600046157837, 1.0467000007629395, 0.6473199725151062, 0.5075399875640869, 0.6073799729347229]"
9,0,7,1,-11.68695601853299,"[-0.7562400102615356, -1.1884000301361084, -1.315500020980835, -1.4426000118255615, -1.4426000118255615, -1.2900999784469604, -1.5442999601364136]"
9,16,8,1,-11.68695601853299,"[1.0231000185012817, 0.7181100249290466, 0.3113900125026703, 0.489329993724823, -0.14616000652313232, -0.19699999690055847, 0.05719500035047531, -0.2478400021791458]"
9,11,9,1,-11.68695601853299,"[1.2518999576568604, 0.997730016708374, 0.8452100157737732, 0.896049976348877, 0.9723100066184998, 1.0231000185012817, 0.7181100249290466, 0.3113900125026703, 0.489329993724823]"
9,5,7,1,-12.335978517984882,"[-1.2900999784469604, -1.5442999601364136, -0.8833400011062622, 0.4130699932575226, 1.2010999917984009, 1.2773000001907349, 1.2518999576568604]"
