id,series_id,start,length,true_class,pred_class,confidence,F_stat,Separability,IG,Composite_Score,dim_0,Shapelet_Length
743,3,227,57,0,0,1.8739166,21.535728,1.8739166,0.5148639669473606,512.6753,"[0.4126283824443817, -0.28475436568260193, -0.806532621383667, -0.8389991521835327, -0.5410510301589966, -0.5446943640708923, -0.5879144668579102, -0.7969076037406921, -0.044775135815143585, 0.9377450942993164, 0.988217830657959, 1.1827696561813354, 1.0572887659072876, 1.0068641901016235, 0.9036635160446167, 0.8872388601303101, 0.9058289527893066, 0.8404414057731628, 0.8238376379013062, 0.5004064440727234, 0.2811773419380188, 0.33370476961135864, 0.2726219892501831, 0.13561268150806427, 0.07710380852222443, 0.02385587990283966, -0.026733843609690666, -0.12618060410022736, -0.44341811537742615, -0.8464322090148926, -1.0119755268096924, -0.9458286762237549, -0.868463397026062, -0.8491451740264893, -0.8276841640472412, -0.8105795383453369, -0.8069058060646057, -0.8224940896034241, -0.8387287855148315, -0.8435066342353821, -0.8316946029663086, -0.8367467522621155, -0.8513557314872742, -0.8441925644874573, -0.845032811164856, -0.84858238697052, -0.860267698764801, -0.8526621460914612, -0.8540310859680176, -0.8610700368881226, -0.856974184513092, -0.8723843097686768, -0.8803253173828125, -0.8829189538955688, -0.8791517019271851, -0.8733850121498108, -0.8800042271614075]",57
2884,12,134,57,0,0,1.9581115,20.073746,1.9581115,0.4248143440840737,481.45898,"[-1.4047456979751587, -1.1831728219985962, -0.18907350301742554, -0.3806588351726532, -0.4985720217227936, -0.4294572174549103, -0.9572007656097412, -0.5185864567756653, 0.6852187514305115, 1.2515095472335815, 0.6874728202819824, 0.839397132396698, 0.8747049570083618, 0.42073601484298706, 1.0082796812057495, 1.1720815896987915, 0.6295121312141418, 0.8011642694473267, 1.4694008827209473, 0.9095188975334167, 0.2003854662179947, 0.26832592487335205, 0.5605430603027344, 0.5797210335731506, 0.6445731520652771, 0.7565327882766724, -0.0229168850928545, -0.43539440631866455, -0.3947935998439789, -1.0723637342453003, -0.9001591205596924, -0.6642570495605469, -1.3815852403640747, -1.647528886795044, -1.6156227588653564, -1.565674066543579, -1.8500038385391235, -1.8426424264907837, -1.7617872953414917, -1.65790855884552, -1.2803378105163574, -1.2692863941192627, -1.5596587657928467, -1.6858645677566528, -1.7187168598175049, -1.6047898530960083, -1.4601141214370728, -1.5491174459457397, -1.3557333946228027, -1.2894030809402466, -1.4035108089447021, -1.2516827583312988, -1.2486469745635986, -1.3571325540542603, -1.3175901174545288, -1.242738127708435, -1.3435397148132324]",57
3123,13,132,57,0,0,1.8373652,18.664743,1.8373652,0.5087256743873155,453.8521,"[-1.8856233358383179, -1.3346514701843262, -1.259803295135498, -1.2500721216201782, -1.2670542001724243, -0.4062962532043457, 0.04453570023179054, 0.5513859987258911, 1.1254539489746094, 0.3756357729434967, -0.0020882664248347282, 1.2551504373550415, 2.3005483150482178, 1.8329123258590698, 2.092076539993286, 2.177642822265625, 2.16031551361084, 1.5773521661758423, 1.3127927780151367, 1.913529872894287, 1.918795108795166, 1.6809296607971191, 1.3714152574539185, 1.0575120449066162, 1.215051293373108, 1.4237812757492065, 1.2161191701889038, 0.8605638146400452, 0.5866302251815796, 0.3747347891330719, 0.22172753512859344, -0.3302236795425415, -0.6018579602241516, -0.49286025762557983, -0.6646849513053894, -0.4991125464439392, -0.7967900037765503, -1.2812119722366333, -1.1863882541656494, -1.1408922672271729, -1.2210274934768677, -0.9711785316467285, -0.9674699306488037, -1.1968748569488525, -1.2437814474105835, -1.1646308898925781, -1.0616309642791748, -1.107670783996582, -1.2216796875, -1.4942927360534668, -1.7962875366210938, -1.8552099466323853, -1.9282933473587036, -2.0957024097442627, -1.954670786857605, -1.7696725130081177, -1.1159071922302246]",57
1477,6,136,57,0,0,1.7410564,18.199324,1.7410564,0.5087256743873155,441.65445,"[-1.3204927444458008, -0.8644630908966064, -0.3837866187095642, -1.0901505947113037, -1.00905442237854, -1.0742318630218506, -1.7522053718566895, -0.9233103394508362, -0.30848678946495056, -0.7640217542648315, -0.641358494758606, -0.36572274565696716, -0.05310925841331482, 0.2592238485813141, 0.650111734867096, 0.7960876822471619, 0.24872411787509918, 0.8822478652000427, 1.794451355934143, 0.7794042229652405, 0.14502772688865662, 0.3176128566265106, 0.5333670973777771, 0.7751774191856384, 0.9245858192443848, 0.40528398752212524, -0.38539552688598633, -0.1751539558172226, 0.12488982826471329, -0.30278870463371277, -0.06172578036785126, -0.8506661057472229, -1.450920820236206, -1.3076280355453491, -1.185477375984192, -0.8746992945671082, -0.7924432754516602, -0.7327362298965454, -0.9164546132087708, -1.4292991161346436, -1.6652566194534302, -1.3730851411819458, -1.559959888458252, -1.5780385732650757, -1.4786107540130615, -1.392395257949829, -1.6212470531463623, -1.4407453536987305, -0.932249128818512, -0.9800631403923035, -0.9999562501907349, -1.504703164100647, -1.6029053926467896, -0.9508565068244934, -1.1342411041259766, -1.3271266222000122, -0.7570791840553284]",57
2442,10,107,85,0,0,2.2819896,16.915073,2.2819896,0.6893917467430878,441.2307,"[-0.8388809561729431, -0.964551568031311, -0.9266545176506042, -1.515804409980774, -1.6385788917541504, -0.9190272688865662, -0.25385788083076477, -0.2868131399154663, -0.2443944811820984, 0.005887512117624283, -0.2063644528388977, 0.0033990375231951475, -0.05867735296487808, -0.1295054405927658, 0.1755620539188385, 0.2869645953178406, 0.26531392335891724, -0.43074920773506165, -0.8650830984115601, -0.9500454664230347, -1.0976574420928955, -0.7206515669822693, -0.5613338947296143, -1.161920189857483, -1.1828237771987915, -1.4681758880615234, -1.8578022718429565, -1.8044624328613281, -1.6167000532150269, -1.3115882873535156, -1.679805874824524, -1.1123483180999756, -0.48372113704681396, -0.7100187540054321, -0.3641442358493805, -0.26000648736953735, -0.09455856680870056, 0.7216445207595825, 1.0331600904464722, 1.5144232511520386, 1.0298075675964355, 1.0299928188323975, 1.8065308332443237, 1.7369779348373413, 2.3064680099487305, 2.1651058197021484, 1.5827990770339966, 1.6435151100158691, 1.3293639421463013, 0.8498179912567139, 0.6973670721054077, 0.8272969722747803, 0.8663243055343628, 0.486280620098114, 0.3642464280128479, 0.9274963736534119, 0.8701647520065308, 0.09752579778432846, -0.14271235466003418, -0.7044252753257751, -0.7535174489021301, -0.27261364459991455, -0.857572615146637, -1.1679326295852661, -1.160652995109558, -1.1311877965927124, -0.9847354292869568, -1.1190111637115479, -1.4458465576171875, -1.4818862676620483, -1.3777965307235718, -1.4393455982208252, -1.5515798330307007, -1.6042749881744385, -1.4627270698547363, -1.3100992441177368, -1.3244870901107788, -1.3733803033828735, -1.4279128313064575, -1.5652399063110352, -1.6040199995040894, -1.4268813133239746, -0.9484840631484985, -0.8341477513313293, -1.3458784818649292]",85
2469,10,108,85,0,0,2.257936,16.78869,2.257936,0.6893917467430878,437.9815,"[-0.964551568031311, -0.9266545176506042, -1.515804409980774, -1.6385788917541504, -0.9190272688865662, -0.25385788083076477, -0.2868131399154663, -0.2443944811820984, 0.005887512117624283, -0.2063644528388977, 0.0033990375231951475, -0.05867735296487808, -0.1295054405927658, 0.1755620539188385, 0.2869645953178406, 0.26531392335891724, -0.43074920773506165, -0.8650830984115601, -0.9500454664230347, -1.0976574420928955, -0.7206515669822693, -0.5613338947296143, -1.161920189857483, -1.1828237771987915, -1.4681758880615234, -1.8578022718429565, -1.8044624328613281, -1.6167000532150269, -1.3115882873535156, -1.679805874824524, -1.1123483180999756, -0.48372113704681396, -0.7100187540054321, -0.3641442358493805, -0.26000648736953735, -0.09455856680870056, 0.7216445207595825, 1.0331600904464722, 1.5144232511520386, 1.0298075675964355, 1.0299928188323975, 1.8065308332443237, 1.7369779348373413, 2.3064680099487305, 2.1651058197021484, 1.5827990770339966, 1.6435151100158691, 1.3293639421463013, 0.8498179912567139, 0.6973670721054077, 0.8272969722747803, 0.8663243055343628, 0.486280620098114, 0.3642464280128479, 0.9274963736534119, 0.8701647520065308, 0.09752579778432846, -0.14271235466003418, -0.7044252753257751, -0.7535174489021301, -0.27261364459991455, -0.857572615146637, -1.1679326295852661, -1.160652995109558, -1.1311877965927124, -0.9847354292869568, -1.1190111637115479, -1.4458465576171875, -1.4818862676620483, -1.3777965307235718, -1.4393455982208252, -1.5515798330307007, -1.6042749881744385, -1.4627270698547363, -1.3100992441177368, -1.3244870901107788, -1.3733803033828735, -1.4279128313064575, -1.5652399063110352, -1.6040199995040894, -1.4268813133239746, -0.9484840631484985, -0.8341477513313293, -1.3458784818649292, -1.3894559144973755]",85
24,0,226,57,0,0,1.8197072,17.206736,1.8197072,0.5148639669473606,424.46912,"[0.7148288488388062, 0.40343010425567627, -0.42607009410858154, -0.7011085748672485, -0.2688254117965698, -0.9652946591377258, -0.9650987386703491, -0.4230748414993286, -0.3461207449436188, 0.15610726177692413, 0.6338089108467102, 0.6876022815704346, 0.7766218781471252, 0.8019922971725464, 0.9497296214103699, 1.1230460405349731, 1.1222928762435913, 1.170475959777832, 1.1666945219039917, 1.198568344116211, 1.377243161201477, 1.391534447669983, 1.3156945705413818, 1.214165210723877, 1.1548571586608887, 1.1393083333969116, 1.056840419769287, 0.9586365818977356, 0.8466296792030334, 0.5988544225692749, 0.06290891021490097, -0.44124308228492737, -0.6358398795127869, -0.712630033493042, -0.7455124258995056, -0.7540996670722961, -0.7433158159255981, -0.7433675527572632, -0.7540445327758789, -0.7543122172355652, -0.7430163621902466, -0.7376296520233154, -0.7479236721992493, -0.7506135106086731, -0.7535334229469299, -0.7613662481307983, -0.7550263404846191, -0.747459888458252, -0.7497157454490662, -0.7434813976287842, -0.7347907423973083, -0.7293665409088135, -0.7191678285598755, -0.7149472832679749, -0.7060686349868774, -0.6969327926635742, -0.6968538761138916]",57
993,4,182,57,0,0,1.7675741,17.136045,1.7675741,0.5148639669473606,421.49133,"[-0.7768535614013672, -0.5574657917022705, -0.45285308361053467, -0.8377857804298401, -0.5168343186378479, 0.3129797875881195, 0.47482189536094666, 0.5514718294143677, 0.6828149557113647, 0.4444246292114258, 0.4340091943740845, 1.0485244989395142, 1.6205558776855469, 1.75552499294281, 1.8789315223693848, 1.7853118181228638, 1.5555508136749268, 1.2325825691223145, 1.5062564611434937, 1.541941523551941, 0.7903785705566406, 0.7585776448249817, 0.9953006505966187, 0.7066899538040161, 0.717151939868927, 0.7896384000778198, 0.07697753608226776, 0.07830853760242462, 0.3516603708267212, 0.048004306852817535, -0.12239046394824982, -0.24934810400009155, 0.4438914656639099, 0.764641284942627, 0.10456239432096481, 0.18215514719486237, -0.15876810252666473, -0.5976120829582214, -0.8902113437652588, -1.0048495531082153, -0.7734004259109497, -0.5770331025123596, -0.3420354425907135, -0.5289598107337952, -0.740755558013916, -1.3458539247512817, -1.579015851020813, -1.0877989530563354, -1.166102647781372, -1.3064942359924316, -1.1742045879364014, -1.5222970247268677, -1.585293173789978, -1.5443675518035889, -1.372186541557312, -1.0343002080917358, -0.6309082508087158]",57
2452,10,104,85,0,0,2.1952014,15.546673,2.1952014,0.6893917467430878,411.2591,"[-0.16496479511260986, -0.3131643831729889, -0.7789874076843262, -0.8388809561729431, -0.964551568031311, -0.9266545176506042, -1.515804409980774, -1.6385788917541504, -0.9190272688865662, -0.25385788083076477, -0.2868131399154663, -0.2443944811820984, 0.005887512117624283, -0.2063644528388977, 0.0033990375231951475, -0.05867735296487808, -0.1295054405927658, 0.1755620539188385, 0.2869645953178406, 0.26531392335891724, -0.43074920773506165, -0.8650830984115601, -0.9500454664230347, -1.0976574420928955, -0.7206515669822693, -0.5613338947296143, -1.161920189857483, -1.1828237771987915, -1.4681758880615234, -1.8578022718429565, -1.8044624328613281, -1.6167000532150269, -1.3115882873535156, -1.679805874824524, -1.1123483180999756, -0.48372113704681396, -0.7100187540054321, -0.3641442358493805, -0.26000648736953735, -0.09455856680870056, 0.7216445207595825, 1.0331600904464722, 1.5144232511520386, 1.0298075675964355, 1.0299928188323975, 1.8065308332443237, 1.7369779348373413, 2.3064680099487305, 2.1651058197021484, 1.5827990770339966, 1.6435151100158691, 1.3293639421463013, 0.8498179912567139, 0.6973670721054077, 0.8272969722747803, 0.8663243055343628, 0.486280620098114, 0.3642464280128479, 0.9274963736534119, 0.8701647520065308, 0.09752579778432846, -0.14271235466003418, -0.7044252753257751, -0.7535174489021301, -0.27261364459991455, -0.857572615146637, -1.1679326295852661, -1.160652995109558, -1.1311877965927124, -0.9847354292869568, -1.1190111637115479, -1.4458465576171875, -1.4818862676620483, -1.3777965307235718, -1.4393455982208252, -1.5515798330307007, -1.6042749881744385, -1.4627270698547363, -1.3100992441177368, -1.3244870901107788, -1.3733803033828735, -1.4279128313064575, -1.5652399063110352, -1.6040199995040894, -1.4268813133239746]",85
2439,10,133,57,0,0,1.7811625,16.560534,1.7811625,0.3705065005495052,403.17087,"[-1.8578022718429565, -1.8044624328613281, -1.6167000532150269, -1.3115882873535156, -1.679805874824524, -1.1123483180999756, -0.48372113704681396, -0.7100187540054321, -0.3641442358493805, -0.26000648736953735, -0.09455856680870056, 0.7216445207595825, 1.0331600904464722, 1.5144232511520386, 1.0298075675964355, 1.0299928188323975, 1.8065308332443237, 1.7369779348373413, 2.3064680099487305, 2.1651058197021484, 1.5827990770339966, 1.6435151100158691, 1.3293639421463013, 0.8498179912567139, 0.6973670721054077, 0.8272969722747803, 0.8663243055343628, 0.486280620098114, 0.3642464280128479, 0.9274963736534119, 0.8701647520065308, 0.09752579778432846, -0.14271235466003418, -0.7044252753257751, -0.7535174489021301, -0.27261364459991455, -0.857572615146637, -1.1679326295852661, -1.160652995109558, -1.1311877965927124, -0.9847354292869568, -1.1190111637115479, -1.4458465576171875, -1.4818862676620483, -1.3777965307235718, -1.4393455982208252, -1.5515798330307007, -1.6042749881744385, -1.4627270698547363, -1.3100992441177368, -1.3244870901107788, -1.3733803033828735, -1.4279128313064575, -1.5652399063110352, -1.6040199995040894, -1.4268813133239746, -0.9484840631484985]",57
5284,22,227,57,1,1,1.9195337,13.284276,1.9195337,0.3705065005495052,341.79688,"[0.981688916683197, 1.686135172843933, 1.8723781108856201, 1.6687395572662354, 1.7509045600891113, 1.5996299982070923, 1.4101051092147827, 1.4174367189407349, 1.2284400463104248, 0.04307191073894501, -0.6992557644844055, -1.162990927696228, -1.4785151481628418, -1.5119267702102661, -1.5624576807022095, -1.72612726688385, -1.8047653436660767, -1.8811044692993164, -1.9960980415344238, -2.08240008354187, -2.1099116802215576, -2.1161928176879883, -2.1328508853912354, -2.1524226665496826, -2.1241188049316406, -2.093947649002075, -2.0811479091644287, -2.068483829498291, -1.9040342569351196, -1.2146328687667847, -0.209771990776062, 0.35233116149902344, 0.6172623038291931, 0.7493441700935364, 0.8136504292488098, 0.8574894666671753, 0.8753803372383118, 0.8875178098678589, 0.904171884059906, 0.9146575927734375, 0.9183367490768433, 0.9247717261314392, 0.9288215041160583, 0.9300909042358398, 0.932769238948822, 0.9341496229171753, 0.9331050515174866, 0.9232209920883179, 0.9202966094017029, 0.921388566493988, 0.9104315638542175, 0.9032890200614929, 0.8986569046974182, 0.8939477801322937, 0.8843220472335815, 0.8741455674171448, 0.870083749294281]",57
6267,26,134,57,1,1,1.5893235,12.131654,1.5893235,0.3705065005495052,308.8381,"[0.3484427034854889, 1.3463741540908813, 1.3879777193069458, 0.6388201117515564, 0.4927937388420105, 0.4197840392589569, 0.5478320717811584, 0.8365259766578674, 0.4899933934211731, -0.6430995464324951, -0.39847373962402344, -0.17830157279968262, -1.3249986171722412, -1.1437472105026245, -0.7675819396972656, -1.3035885095596313, -1.1077277660369873, -1.4099252223968506, -1.7129985094070435, -1.8683706521987915, -1.8766274452209473, -1.4485862255096436, -1.3731290102005005, -1.4180434942245483, -1.1598498821258545, -0.7387265563011169, -0.8140894174575806, -0.7855859994888306, -0.47559404373168945, -0.19012755155563354, -0.20601928234100342, -0.6577290296554565, -0.13463819026947021, 0.3201367259025574, -0.11406988650560379, -0.1823703795671463, 0.11056636273860931, -0.006579897366464138, -0.5724747180938721, -0.049722470343112946, 0.4038906395435333, 0.36160460114479065, 0.4989791810512543, 0.5445267558097839, 0.7832614183425903, 0.6577707529067993, 0.09445013105869293, 0.4924311637878418, 0.9494852423667908, 0.8527549505233765, 0.7667750716209412, 0.3663565516471863, 0.03317845240235329, -0.17150123417377472, -0.23293669521808624, 0.14283448457717896, 0.3869589567184448]",57
3852,16,221,57,1,1,1.7142494,11.616564,1.7142494,0.3494421849443493,301.23087,"[0.5718556642532349, 0.23934412002563477, 0.4304887056350708, 0.4015682637691498, 0.4764491319656372, 0.7216693162918091, 0.7233196496963501, 0.7419756054878235, 0.8364562392234802, 0.7467576265335083, 0.6745614409446716, 0.4283907115459442, -0.04092926159501076, -0.28559717535972595, -0.7923570275306702, -1.3542735576629639, -1.388874888420105, -1.4330278635025024, -1.5029274225234985, -1.6103132963180542, -1.6231218576431274, -1.5600857734680176, -1.447048544883728, -1.3571590185165405, -1.3046519756317139, -1.1145797967910767, -0.9271869659423828, -0.8614292740821838, -0.7775325179100037, -0.673315703868866, -0.6374983191490173, -0.5658116340637207, -0.49070918560028076, -0.43060302734375, -0.22609809041023254, 0.11253128945827484, 0.4774025082588196, 0.6285367012023926, 0.6692748665809631, 0.6987909078598022, 0.7204011082649231, 0.7264395952224731, 0.72941654920578, 0.741347074508667, 0.7480257749557495, 0.7490236163139343, 0.7436818480491638, 0.7486813068389893, 0.7507866024971008, 0.757340133190155, 0.7588439583778381, 0.7547667026519775, 0.7614812850952148, 0.7665547728538513, 0.7661788463592529, 0.7618403434753418, 0.7595339417457581]",57
5752,23,52,197,1,1,3.7584105,8.374709,3.7584105,0.3705065005495052,298.77182,"[-0.6795138120651245, -0.7210530042648315, -1.025650978088379, -0.7341265082359314, -0.3619616627693176, -0.3256736993789673, -0.3037773668766022, -0.5412575006484985, -0.41529494524002075, -0.34258484840393066, -0.206960067152977, 0.3047536611557007, 0.824964702129364, 0.36700931191444397, -0.2018955647945404, -0.34788861870765686, -0.44644713401794434, -0.28392544388771057, -0.11817825585603714, -0.7594096660614014, -1.2903565168380737, -1.044435739517212, -0.9975464940071106, -0.9132316708564758, -0.9161972999572754, -1.0471101999282837, -0.7288473844528198, -0.17770613729953766, 0.0683056190609932, -0.46387577056884766, -0.788085401058197, -1.2449554204940796, -0.9203827977180481, -0.27418825030326843, -1.0221295356750488, -0.7166089415550232, 0.12032557278871536, 0.9243605136871338, 1.625510334968567, 0.9161452054977417, 0.8205430507659912, 1.3861911296844482, 0.8464217782020569, 0.44898951053619385, 0.36564865708351135, 0.5805304050445557, 0.9886084198951721, 0.5229594707489014, 0.20932859182357788, -0.04996711388230324, -0.7001308798789978, -0.7795421481132507, -0.7760788202285767, -0.302264004945755, -0.4882205128669739, -0.9548373818397522, -0.7517824769020081, -0.5756041407585144, 0.5999544858932495, 1.294880986213684, 1.29320228099823, 0.9960448741912842, 1.0088812112808228, 1.3751741647720337, 1.6946159601211548, 1.2754054069519043, 1.0940449237823486, 1.0407919883728027, 1.0854640007019043, 1.3637970685958862, 1.5560667514801025, 1.2386853694915771, 1.1834461688995361, 0.9426864981651306, 0.25218042731285095, 0.35335206985473633, 0.3828665614128113, 0.38174012303352356, 0.735673189163208, 0.3670927882194519, -0.710027813911438, -0.6760324239730835, -0.21078577637672424, 0.19295001029968262, 0.003949614241719246, -0.8629444241523743, -0.9826467037200928, -1.239959478378296, -0.6723328232765198, 0.9395471215248108, 0.623513400554657, -0.01836314983665943, 1.0613718032836914, 1.612767219543457, 0.5203903317451477, -0.3110860586166382, -0.7734843492507935, -0.09430142492055893, 0.1815158724784851, -0.1467605084180832, -0.4103483259677887, -0.5926587581634521, -0.13121135532855988, -0.6483778953552246, -1.192978858947754, -1.155653476715088, -1.1350373029708862, -1.344107985496521, -1.2017161846160889, -1.0517131090164185, -1.2577418088912964, -1.3144900798797607, -1.0995265245437622, -1.1717363595962524, -1.112260103225708, -0.8511654734611511, -0.7623571157455444, -0.6596028208732605, -0.5940453410148621, -0.7437961101531982, -0.7828265428543091, -0.7647286653518677, -0.6945903897285461, -0.4430510699748993, -0.26832306385040283, -0.17251397669315338, -0.15397678315639496, -0.053343530744314194, -0.07959026098251343, -0.00176089140586555, 0.5099124312400818, 0.6103668212890625, 0.23994530737400055, -0.07273159921169281, -0.22278940677642822, -0.41756686568260193, -0.7787328958511353, -0.8578070402145386, -0.8144214153289795, -0.9993312954902649, -0.9688822031021118, -0.374753475189209, 0.35982298851013184, -0.4283536970615387, -1.244002103805542, -1.1078680753707886, -0.3213677704334259, 0.07479207962751389, -0.3466382622718811, -0.3090786635875702, 0.30021148920059204, 0.5418402552604675, 0.389181911945343, 0.23067964613437653, 0.46236294507980347, 0.564197838306427, 0.11311919242143631, -0.25412631034851074, -0.5488927960395813, -0.6320875883102417, -0.1280820518732071, 0.11079759150743484, -0.17422357201576233, 0.47651681303977966, 0.4750899374485016, 0.36856546998023987, 1.2978508472442627, 1.135935664176941, 0.8189311027526855, 0.5695923566818237, 0.6415125727653503, 0.4861452579498291, 0.292351096868515, 0.30866512656211853, 0.28820452094078064, 0.3657465875148773, 0.5249162912368774, 0.8749309778213501, 1.011932373046875, 0.8385598659515381, 0.8440237045288086, 1.1304186582565308, 0.821038544178009, -0.17853164672851562, -0.8319856524467468, -1.180537223815918, -1.3834872245788574, -1.3588285446166992, -1.4496662616729736, -1.4850651025772095, -1.5029488801956177, -1.5515265464782715, -1.4830166101455688, -1.4649369716644287, -1.4767744541168213, -1.4654380083084106, -1.441833734512329]",197
3879,16,223,57,1,1,1.7467225,11.497807,1.7467225,0.31127812445913283,297.9217,"[0.4304887056350708, 0.4015682637691498, 0.4764491319656372, 0.7216693162918091, 0.7233196496963501, 0.7419756054878235, 0.8364562392234802, 0.7467576265335083, 0.6745614409446716, 0.4283907115459442, -0.04092926159501076, -0.28559717535972595, -0.7923570275306702, -1.3542735576629639, -1.388874888420105, -1.4330278635025024, -1.5029274225234985, -1.6103132963180542, -1.6231218576431274, -1.5600857734680176, -1.447048544883728, -1.3571590185165405, -1.3046519756317139, -1.1145797967910767, -0.9271869659423828, -0.8614292740821838, -0.7775325179100037, -0.673315703868866, -0.6374983191490173, -0.5658116340637207, -0.49070918560028076, -0.43060302734375, -0.22609809041023254, 0.11253128945827484, 0.4774025082588196, 0.6285367012023926, 0.6692748665809631, 0.6987909078598022, 0.7204011082649231, 0.7264395952224731, 0.72941654920578, 0.741347074508667, 0.7480257749557495, 0.7490236163139343, 0.7436818480491638, 0.7486813068389893, 0.7507866024971008, 0.757340133190155, 0.7588439583778381, 0.7547667026519775, 0.7614812850952148, 0.7665547728538513, 0.7661788463592529, 0.7618403434753418, 0.7595339417457581, 0.7636511325836182, 0.7671065330505371]",57
5753,23,51,197,1,1,3.758936,8.2622175,3.758936,0.3705065005495052,296.53778,"[-0.7984222769737244, -0.6795138120651245, -0.7210530042648315, -1.025650978088379, -0.7341265082359314, -0.3619616627693176, -0.3256736993789673, -0.3037773668766022, -0.5412575006484985, -0.41529494524002075, -0.34258484840393066, -0.206960067152977, 0.3047536611557007, 0.824964702129364, 0.36700931191444397, -0.2018955647945404, -0.34788861870765686, -0.44644713401794434, -0.28392544388771057, -0.11817825585603714, -0.7594096660614014, -1.2903565168380737, -1.044435739517212, -0.9975464940071106, -0.9132316708564758, -0.9161972999572754, -1.0471101999282837, -0.7288473844528198, -0.17770613729953766, 0.0683056190609932, -0.46387577056884766, -0.788085401058197, -1.2449554204940796, -0.9203827977180481, -0.27418825030326843, -1.0221295356750488, -0.7166089415550232, 0.12032557278871536, 0.9243605136871338, 1.625510334968567, 0.9161452054977417, 0.8205430507659912, 1.3861911296844482, 0.8464217782020569, 0.44898951053619385, 0.36564865708351135, 0.5805304050445557, 0.9886084198951721, 0.5229594707489014, 0.20932859182357788, -0.04996711388230324, -0.7001308798789978, -0.7795421481132507, -0.7760788202285767, -0.302264004945755, -0.4882205128669739, -0.9548373818397522, -0.7517824769020081, -0.5756041407585144, 0.5999544858932495, 1.294880986213684, 1.29320228099823, 0.9960448741912842, 1.0088812112808228, 1.3751741647720337, 1.6946159601211548, 1.2754054069519043, 1.0940449237823486, 1.0407919883728027, 1.0854640007019043, 1.3637970685958862, 1.5560667514801025, 1.2386853694915771, 1.1834461688995361, 0.9426864981651306, 0.25218042731285095, 0.35335206985473633, 0.3828665614128113, 0.38174012303352356, 0.735673189163208, 0.3670927882194519, -0.710027813911438, -0.6760324239730835, -0.21078577637672424, 0.19295001029968262, 0.003949614241719246, -0.8629444241523743, -0.9826467037200928, -1.239959478378296, -0.6723328232765198, 0.9395471215248108, 0.623513400554657, -0.01836314983665943, 1.0613718032836914, 1.612767219543457, 0.5203903317451477, -0.3110860586166382, -0.7734843492507935, -0.09430142492055893, 0.1815158724784851, -0.1467605084180832, -0.4103483259677887, -0.5926587581634521, -0.13121135532855988, -0.6483778953552246, -1.192978858947754, -1.155653476715088, -1.1350373029708862, -1.344107985496521, -1.2017161846160889, -1.0517131090164185, -1.2577418088912964, -1.3144900798797607, -1.0995265245437622, -1.1717363595962524, -1.112260103225708, -0.8511654734611511, -0.7623571157455444, -0.6596028208732605, -0.5940453410148621, -0.7437961101531982, -0.7828265428543091, -0.7647286653518677, -0.6945903897285461, -0.4430510699748993, -0.26832306385040283, -0.17251397669315338, -0.15397678315639496, -0.053343530744314194, -0.07959026098251343, -0.00176089140586555, 0.5099124312400818, 0.6103668212890625, 0.23994530737400055, -0.07273159921169281, -0.22278940677642822, -0.41756686568260193, -0.7787328958511353, -0.8578070402145386, -0.8144214153289795, -0.9993312954902649, -0.9688822031021118, -0.374753475189209, 0.35982298851013184, -0.4283536970615387, -1.244002103805542, -1.1078680753707886, -0.3213677704334259, 0.07479207962751389, -0.3466382622718811, -0.3090786635875702, 0.30021148920059204, 0.5418402552604675, 0.389181911945343, 0.23067964613437653, 0.46236294507980347, 0.564197838306427, 0.11311919242143631, -0.25412631034851074, -0.5488927960395813, -0.6320875883102417, -0.1280820518732071, 0.11079759150743484, -0.17422357201576233, 0.47651681303977966, 0.4750899374485016, 0.36856546998023987, 1.2978508472442627, 1.135935664176941, 0.8189311027526855, 0.5695923566818237, 0.6415125727653503, 0.4861452579498291, 0.292351096868515, 0.30866512656211853, 0.28820452094078064, 0.3657465875148773, 0.5249162912368774, 0.8749309778213501, 1.011932373046875, 0.8385598659515381, 0.8440237045288086, 1.1304186582565308, 0.821038544178009, -0.17853164672851562, -0.8319856524467468, -1.180537223815918, -1.3834872245788574, -1.3588285446166992, -1.4496662616729736, -1.4850651025772095, -1.5029488801956177, -1.5515265464782715, -1.4830166101455688, -1.4649369716644287, -1.4767744541168213, -1.4654380083084106]",197
6008,25,223,57,1,1,1.7551093,11.247317,1.7551093,0.31127812445913283,293.16354,"[0.20093108713626862, 0.02359405905008316, 0.2159302532672882, 0.010414494201540947, 0.14421507716178894, 0.3487316071987152, 0.2936350405216217, 0.11032093316316605, 0.5703442692756653, 1.035544514656067, 0.9624263644218445, 0.7844308614730835, 0.3853766918182373, 0.025801479816436768, -0.1696610152721405, -0.39657342433929443, -0.5622124671936035, -0.8067989349365234, -0.8896351456642151, -0.9282229542732239, -1.003646731376648, -1.0865422487258911, -1.1700644493103027, -1.20326566696167, -1.2049833536148071, -1.2408493757247925, -1.1997156143188477, -1.1437625885009766, -1.1603857278823853, -1.1839125156402588, -1.1996619701385498, -1.2169923782348633, -1.1213346719741821, -0.7191321849822998, -0.1596924364566803, 0.15399079024791718, 0.2936401963233948, 0.37102141976356506, 0.3987080156803131, 0.4187853932380676, 0.43135324120521545, 0.431339830160141, 0.4474811553955078, 0.45254436135292053, 0.44967764616012573, 0.45133665204048157, 0.455528199672699, 0.45971164107322693, 0.4607621729373932, 0.4585048258304596, 0.4571501612663269, 0.4556400179862976, 0.4527570605278015, 0.4496999680995941, 0.4454348087310791, 0.44739383459091187, 0.4449755549430847]",57
5739,23,54,197,1,1,3.580161,7.8163395,3.580161,0.3705065005495052,282.25696,"[-1.025650978088379, -0.7341265082359314, -0.3619616627693176, -0.3256736993789673, -0.3037773668766022, -0.5412575006484985, -0.41529494524002075, -0.34258484840393066, -0.206960067152977, 0.3047536611557007, 0.824964702129364, 0.36700931191444397, -0.2018955647945404, -0.34788861870765686, -0.44644713401794434, -0.28392544388771057, -0.11817825585603714, -0.7594096660614014, -1.2903565168380737, -1.044435739517212, -0.9975464940071106, -0.9132316708564758, -0.9161972999572754, -1.0471101999282837, -0.7288473844528198, -0.17770613729953766, 0.0683056190609932, -0.46387577056884766, -0.788085401058197, -1.2449554204940796, -0.9203827977180481, -0.27418825030326843, -1.0221295356750488, -0.7166089415550232, 0.12032557278871536, 0.9243605136871338, 1.625510334968567, 0.9161452054977417, 0.8205430507659912, 1.3861911296844482, 0.8464217782020569, 0.44898951053619385, 0.36564865708351135, 0.5805304050445557, 0.9886084198951721, 0.5229594707489014, 0.20932859182357788, -0.04996711388230324, -0.7001308798789978, -0.7795421481132507, -0.7760788202285767, -0.302264004945755, -0.4882205128669739, -0.9548373818397522, -0.7517824769020081, -0.5756041407585144, 0.5999544858932495, 1.294880986213684, 1.29320228099823, 0.9960448741912842, 1.0088812112808228, 1.3751741647720337, 1.6946159601211548, 1.2754054069519043, 1.0940449237823486, 1.0407919883728027, 1.0854640007019043, 1.3637970685958862, 1.5560667514801025, 1.2386853694915771, 1.1834461688995361, 0.9426864981651306, 0.25218042731285095, 0.35335206985473633, 0.3828665614128113, 0.38174012303352356, 0.735673189163208, 0.3670927882194519, -0.710027813911438, -0.6760324239730835, -0.21078577637672424, 0.19295001029968262, 0.003949614241719246, -0.8629444241523743, -0.9826467037200928, -1.239959478378296, -0.6723328232765198, 0.9395471215248108, 0.623513400554657, -0.01836314983665943, 1.0613718032836914, 1.612767219543457, 0.5203903317451477, -0.3110860586166382, -0.7734843492507935, -0.09430142492055893, 0.1815158724784851, -0.1467605084180832, -0.4103483259677887, -0.5926587581634521, -0.13121135532855988, -0.6483778953552246, -1.192978858947754, -1.155653476715088, -1.1350373029708862, -1.344107985496521, -1.2017161846160889, -1.0517131090164185, -1.2577418088912964, -1.3144900798797607, -1.0995265245437622, -1.1717363595962524, -1.112260103225708, -0.8511654734611511, -0.7623571157455444, -0.6596028208732605, -0.5940453410148621, -0.7437961101531982, -0.7828265428543091, -0.7647286653518677, -0.6945903897285461, -0.4430510699748993, -0.26832306385040283, -0.17251397669315338, -0.15397678315639496, -0.053343530744314194, -0.07959026098251343, -0.00176089140586555, 0.5099124312400818, 0.6103668212890625, 0.23994530737400055, -0.07273159921169281, -0.22278940677642822, -0.41756686568260193, -0.7787328958511353, -0.8578070402145386, -0.8144214153289795, -0.9993312954902649, -0.9688822031021118, -0.374753475189209, 0.35982298851013184, -0.4283536970615387, -1.244002103805542, -1.1078680753707886, -0.3213677704334259, 0.07479207962751389, -0.3466382622718811, -0.3090786635875702, 0.30021148920059204, 0.5418402552604675, 0.389181911945343, 0.23067964613437653, 0.46236294507980347, 0.564197838306427, 0.11311919242143631, -0.25412631034851074, -0.5488927960395813, -0.6320875883102417, -0.1280820518732071, 0.11079759150743484, -0.17422357201576233, 0.47651681303977966, 0.4750899374485016, 0.36856546998023987, 1.2978508472442627, 1.135935664176941, 0.8189311027526855, 0.5695923566818237, 0.6415125727653503, 0.4861452579498291, 0.292351096868515, 0.30866512656211853, 0.28820452094078064, 0.3657465875148773, 0.5249162912368774, 0.8749309778213501, 1.011932373046875, 0.8385598659515381, 0.8440237045288086, 1.1304186582565308, 0.821038544178009, -0.17853164672851562, -0.8319856524467468, -1.180537223815918, -1.3834872245788574, -1.3588285446166992, -1.4496662616729736, -1.4850651025772095, -1.5029488801956177, -1.5515265464782715, -1.4830166101455688, -1.4649369716644287, -1.4767744541168213, -1.4654380083084106, -1.441833734512329, -1.4051623344421387, -1.3735393285751343]",197
3878,16,220,57,1,1,1.6763613,10.731074,1.6763613,0.31127812445913283,280.47623,"[0.5782347917556763, 0.5718556642532349, 0.23934412002563477, 0.4304887056350708, 0.4015682637691498, 0.4764491319656372, 0.7216693162918091, 0.7233196496963501, 0.7419756054878235, 0.8364562392234802, 0.7467576265335083, 0.6745614409446716, 0.4283907115459442, -0.04092926159501076, -0.28559717535972595, -0.7923570275306702, -1.3542735576629639, -1.388874888420105, -1.4330278635025024, -1.5029274225234985, -1.6103132963180542, -1.6231218576431274, -1.5600857734680176, -1.447048544883728, -1.3571590185165405, -1.3046519756317139, -1.1145797967910767, -0.9271869659423828, -0.8614292740821838, -0.7775325179100037, -0.673315703868866, -0.6374983191490173, -0.5658116340637207, -0.49070918560028076, -0.43060302734375, -0.22609809041023254, 0.11253128945827484, 0.4774025082588196, 0.6285367012023926, 0.6692748665809631, 0.6987909078598022, 0.7204011082649231, 0.7264395952224731, 0.72941654920578, 0.741347074508667, 0.7480257749557495, 0.7490236163139343, 0.7436818480491638, 0.7486813068389893, 0.7507866024971008, 0.757340133190155, 0.7588439583778381, 0.7547667026519775, 0.7614812850952148, 0.7665547728538513, 0.7661788463592529, 0.7618403434753418]",57
5796,24,224,57,1,1,1.7720428,10.43713,1.7720428,0.31127812445913283,277.46777,"[0.6542141437530518, 0.6977570652961731, 1.0879645347595215, 1.3766556978225708, 1.410714030265808, 1.6051204204559326, 1.822184443473816, 1.5906579494476318, 1.396386981010437, 1.1398353576660156, 0.9562427997589111, 0.3368178606033325, -0.5769343972206116, -0.7627086043357849, -1.0767136812210083, -1.2427127361297607, -1.2035398483276367, -1.2546930313110352, -1.2949395179748535, -1.24858558177948, -1.1878063678741455, -1.1270065307617188, -1.0321435928344727, -0.9594278335571289, -0.8779290318489075, -0.8156359791755676, -0.7834362983703613, -0.7228567004203796, -0.6043198108673096, -0.45161187648773193, -0.23830537497997284, 0.3532816171646118, 1.1523011922836304, 1.5603591203689575, 1.6114768981933594, 1.5894358158111572, 1.558929204940796, 1.538870930671692, 1.5298997163772583, 1.5243637561798096, 1.512284517288208, 1.5173238515853882, 1.5185567140579224, 1.5095272064208984, 1.5096144676208496, 1.5085612535476685, 1.500216007232666, 1.4981619119644165, 1.4978796243667603, 1.4934085607528687, 1.4881213903427124, 1.4795383214950562, 1.48111093044281, 1.4837206602096558, 1.4784660339355469, 1.4702450037002563, 1.4623925685882568]",57
