id,series_id,start,length,true_class,pred_class,confidence,F_stat,Separability,IG,Composite_Score,dim_0,dim_1,dim_2,dim_3,dim_4,dim_5,dim_6,dim_7,dim_8,dim_9,dim_10,dim_11,Shapelet_Length
8142,180,5,15,3,3,1.250679,69.53401,2.5138402,0.4270946658556971,1487.4501,"[0.0530051663517952, 0.03823862969875336, -0.05725683271884918, -0.10405855625867844, -0.09551728516817093, -0.09093416482210159, -0.035132817924022675, -0.03536940738558769, -0.087076835334301, -0.16574105620384216, -0.27904757857322693, -0.43975964188575745, -0.6670982241630554, -0.6269842982292175, -0.4033548831939697]","[-0.09686638414859772, 0.02455856278538704, 0.03955024108290672, 0.08019790053367615, 0.14359518885612488, 0.05721021443605423, -0.07267989963293076, -0.15224574506282806, -0.14618296921253204, -0.13124041259288788, -0.13081231713294983, -0.07757807523012161, -0.06391796469688416, -0.08191081136465073, -0.18280236423015594]","[1.3922497034072876, 1.37349271774292, 1.2499500513076782, 1.1099025011062622, 1.0227426290512085, 0.9714599251747131, 0.9369811415672302, 0.8601289987564087, 0.7026535272598267, 0.5625012516975403, 0.5811988711357117, 0.6359078884124756, 0.5410197377204895, 0.5515987277030945, 0.8006467223167419]","[-1.4662981033325195, -1.7582030296325684, -1.7239803075790405, -1.910762071609497, -2.1679599285125732, -2.204681873321533, -2.2998881340026855, -2.268153190612793, -2.181898832321167, -1.9722139835357666, -1.6470710039138794, -1.552514910697937, -1.4551210403442383, -1.5949991941452026, -1.8563666343688965]","[-1.0986685752868652, -1.347305417060852, -1.1577072143554688, -0.9207373857498169, -0.9186726212501526, -0.8878298997879028, -0.8895798921585083, -0.8280245661735535, -0.8033881783485413, -0.5858944654464722, -0.1914997398853302, -0.03193572163581848, 0.11978962272405624, 0.0014685278292745352, -0.1410350352525711]","[0.41566216945648193, 0.46905916929244995, 0.628139853477478, 0.6410648226737976, 0.5834295749664307, 0.6874805688858032, 0.8577307462692261, 1.0917667150497437, 1.2327957153320312, 1.1929590702056885, 1.1568126678466797, 1.2492334842681885, 1.4485102891921997, 1.366827368736267, 1.0905380249023438]","[-3.0211522579193115, -3.0513052940368652, -2.80680251121521, -2.524498462677002, -2.3286311626434326, -2.0610740184783936, -1.8851217031478882, -1.8767298460006714, -1.8784877061843872, -1.7682921886444092, -1.66865873336792, -1.5983558893203735, -1.3790818452835083, -1.3309171199798584, -1.4641717672348022]","[1.2399797439575195, 1.5259239673614502, 1.5242592096328735, 1.6797035932540894, 1.905225396156311, 1.8552217483520508, 1.7582145929336548, 1.6005499362945557, 1.4388127326965332, 1.2055730819702148, 0.8966946005821228, 0.6168105006217957, 0.1094789132475853, 0.014136383309960365, 0.26682862639427185]","[1.6729967594146729, 1.849389910697937, 1.709828495979309, 1.4557697772979736, 1.3261651992797852, 1.1511114835739136, 0.9555918574333191, 0.8218454718589783, 0.7697737812995911, 0.6766013503074646, 0.5124932527542114, 0.3329293429851532, 0.12777701020240784, 0.07235987484455109, -0.012926695868372917]","[0.08864571899175644, -0.07485859096050262, -0.305213987827301, -0.5962519645690918, -0.909274697303772, -1.1914644241333008, -1.4988728761672974, -1.8342139720916748, -2.0884151458740234, -2.0074923038482666, -1.6905804872512817, -1.54371178150177, -1.5557892322540283, -1.4756271839141846, -1.1826425790786743]","[0.5307444334030151, 0.34406235814094543, -0.08625965565443039, -0.5348199009895325, -0.811479389667511, -0.9504971504211426, -0.8904492259025574, -0.7688723802566528, -0.684617817401886, -0.6410467028617859, -0.5648208856582642, -0.44339054822921753, -0.4848312735557556, -0.33056747913360596, -0.08616157621145248]","[-2.102592945098877, -2.1642048358917236, -2.2131717205047607, -2.3092923164367676, -2.32731294631958, -2.0696444511413574, -1.5771878957748413, -1.068884253501892, -0.6097264885902405, -0.21292589604854584, -0.017780084162950516, -0.03086209110915661, -0.036987870931625366, 0.05064934864640236, 0.11376964300870895]",15
14520,322,14,10,7,7,0.5216713,70.91264,1.4045265,0.46152681672649143,1483.465,"[0.028533292934298515, 0.1358119547367096, 0.16118201613426208, 0.05215584114193916, -0.034635934978723526, 0.03269406035542488, 0.10061078518629074, -0.02092226780951023, -0.12672598659992218, 0.09017249941825867]","[-0.2802771329879761, -0.40529999136924744, -0.4466879665851593, -0.47895899415016174, -0.5276035666465759, -0.5482009649276733, -0.6246931552886963, -0.8001976013183594, -0.8613883852958679, -0.6336950659751892]","[0.13280299305915833, 0.21479016542434692, 0.2533094882965088, 0.34791299700737, 0.42267346382141113, 0.39609113335609436, 0.45528706908226013, 0.7407548427581787, 0.9077531099319458, 0.5866338014602661]","[0.17042727768421173, -0.02028360590338707, -0.1394146978855133, 0.04709405079483986, 0.23344051837921143, 0.06560961902141571, -0.017160460352897644, 0.4710446894168854, 0.7272393107414246, -0.006761861499398947]","[-0.6760609745979309, -0.6189718842506409, -0.4856407344341278, -0.18971392512321472, 0.0038582358974963427, -0.1230224147439003, -0.16757674515247345, 0.24395804107189178, 0.4661734700202942, -0.09545888751745224]","[0.47901466488838196, 0.2621519863605499, 0.07020093500614166, -0.04251330345869064, -0.0503336526453495, -0.026863733306527138, -0.023483412340283394, -0.06118857115507126, -0.18383291363716125, -0.2852368950843811]","[-0.327044278383255, -0.4912860095500946, -0.6411583423614502, -0.7875270843505859, -0.8826993107795715, -0.8688388466835022, -0.8808271884918213, -1.0491244792938232, -1.1125645637512207, -0.9399169683456421]","[-0.06449408829212189, 0.17753206193447113, 0.3960033059120178, 0.5038446187973022, 0.6262052655220032, 0.9030421376228333, 1.1593329906463623, 1.16068696975708, 1.21728515625, 1.4182524681091309]","[-0.3225603401660919, -0.30865055322647095, -0.28104573488235474, -0.2366924285888672, -0.11047006398439407, 0.09003991633653641, 0.20621837675571442, 0.1716351956129074, 0.15756982564926147, 0.3358805775642395]","[-0.5099170207977295, -0.4033658504486084, -0.3756009042263031, -0.3410419523715973, -0.3368813991546631, -0.4086267054080963, -0.45517799258232117, -0.4198811650276184, -0.3797675371170044, -0.5634355545043945]","[0.5592314004898071, 0.610755205154419, 0.6238700747489929, 0.529466450214386, 0.4121760427951813, 0.3272256851196289, 0.15562713146209717, -0.2462705373764038, -0.6498803496360779, -0.616360068321228]","[-0.6156418919563293, -0.527686357498169, -0.396324098110199, -0.407248318195343, -0.4554907977581024, -0.3765757381916046, -0.4325239360332489, -0.8357895612716675, -1.0164010524749756, -0.6363781094551086]",10
8500,188,2,15,3,3,1.0968034,64.89165,2.3036091,0.35731304497940175,1384.8069,"[-0.3140442371368408, -0.31785455346107483, -0.33877918124198914, -0.11198404431343079, -0.16291534900665283, -0.1299276351928711, -0.3293271064758301, -0.33573102951049805, -0.3988002836704254, -0.39443331956863403, -0.4402737021446228, -0.5359033942222595, -0.6870107054710388, -0.8131716847419739, -0.8122726678848267]","[-0.9152119159698486, -0.7506100535392761, -0.7895287275314331, -0.6937726736068726, -0.5532859563827515, -0.4137251675128937, -0.37847113609313965, -0.3525795638561249, -0.379657119512558, -0.43610507249832153, -0.5108210444450378, -0.4769326150417328, -0.39261460304260254, -0.37043657898902893, -0.3872610926628113]","[1.0737096071243286, 0.8846482634544373, 0.6619798541069031, 0.5075528621673584, 0.19554264843463898, 0.19445718824863434, 0.1179606020450592, -0.07161922752857208, -0.24509191513061523, -0.22967961430549622, -0.2993561625480652, -0.3900323212146759, -0.38420820236206055, -0.17960815131664276, 0.03009916841983795]","[-0.4947478771209717, -0.7369582056999207, -0.6489247679710388, -0.9096197485923767, -0.7488191723823547, -0.9202035665512085, -0.8818445205688477, -0.9832970499992371, -0.8716450929641724, -0.933100163936615, -0.8971819877624512, -0.8339564204216003, -0.8256755471229553, -0.8465239405632019, -0.8269200921058655]","[-1.6324142217636108, -1.7200927734375, -1.246035099029541, -1.4374951124191284, -1.0158272981643677, -0.889183521270752, -0.28002163767814636, -0.26000624895095825, 0.06773670017719269, 0.20588360726833344, 0.40035393834114075, 0.37370121479034424, 0.23408092558383942, 0.09322132915258408, -0.11887761950492859]","[-0.408748596906662, -0.48909059166908264, -0.29648154973983765, -0.46714964509010315, -0.26234471797943115, -0.26770704984664917, -0.07505160570144653, -0.19826629757881165, -0.1262160688638687, -0.11618810892105103, 0.011337176896631718, 0.18310542404651642, 0.3829275071620941, 0.5140655040740967, 0.3072246015071869]","[-1.0345125198364258, -0.9496344923973083, -1.023558259010315, -1.0156276226043701, -0.7637189030647278, -0.6167005300521851, -0.522657573223114, -0.3772488832473755, -0.24765685200691223, -0.26190945506095886, -0.33801770210266113, -0.48859503865242004, -0.4567033350467682, -0.10330841690301895, -0.016745956614613533]","[0.256558895111084, 0.6267508864402771, 0.4780518114566803, 0.8740986585617065, 0.5680311322212219, 0.7137190699577332, 0.42124858498573303, 0.3047561049461365, -0.08462318032979965, -0.16063353419303894, -0.3040458858013153, -0.6070752143859863, -1.065414309501648, -1.379125952720642, -1.1364202499389648]","[1.3631126880645752, 1.509534239768982, 1.4605814218521118, 1.6172674894332886, 1.4831050634384155, 1.2138617038726807, 0.8894418478012085, 0.9934917092323303, 0.8854982852935791, 0.6737597584724426, 0.6147882342338562, 0.8652987480163574, 1.0464019775390625, 0.6987786889076233, 0.5410285592079163]","[0.27697908878326416, 0.007755350321531296, -0.16719955205917358, -0.34339457750320435, -0.743062436580658, -0.8630977272987366, -1.1058307886123657, -1.2079944610595703, -1.2750369310379028, -1.1703811883926392, -1.254792332649231, -1.2596663236618042, -0.8769766688346863, -0.5990197658538818, -0.764252245426178]","[-0.13659660518169403, -0.47666627168655396, -0.8997604846954346, -1.0619109869003296, -1.265969157218933, -1.3881036043167114, -1.5895617008209229, -1.6474156379699707, -1.468432068824768, -1.3961706161499023, -1.5398527383804321, -1.5456749200820923, -1.43667471408844, -0.7738495469093323, -0.41487282514572144]","[0.46099406480789185, 0.431619256734848, 0.11427965015172958, 0.13956977427005768, 0.14631988108158112, 0.4084705710411072, 0.7635946273803711, 1.2058628797531128, 1.5084569454193115, 1.7816053628921509, 1.7218846082687378, 1.5514575242996216, 1.2312915325164795, 0.9516095519065857, 1.288267731666565]",15
1617,35,5,15,1,1,1.3235915,65.183304,2.035919,0.36756762643123286,1383.122,"[-2.575645685195923, -2.5180306434631348, -2.423584222793579, -2.23421311378479, -2.0353665351867676, -1.911696195602417, -1.8145158290863037, -1.758065938949585, -1.7404316663742065, -1.7071269750595093, -1.6981792449951172, -1.7519400119781494, -1.7718946933746338, -1.693687915802002, -1.652918815612793]","[-0.6853335499763489, -0.6050772666931152, -0.6216814517974854, -0.7722446918487549, -0.8109856247901917, -0.8843904137611389, -0.94537353515625, -0.8382842540740967, -0.8288397192955017, -0.9017353057861328, -0.7733995318412781, -0.6659976243972778, -0.6641156673431396, -0.5555816888809204, -0.5890977382659912]","[0.5418538451194763, 0.45107904076576233, 0.4331936836242676, 0.43736517429351807, 0.41990000009536743, 0.4296618700027466, 0.40485498309135437, 0.30687645077705383, 0.21688345074653625, 0.1445012092590332, 0.05682777240872383, -0.004110215697437525, -0.05965295433998108, -0.13445959985256195, -0.12183111906051636]","[-0.3581218719482422, -0.5630111694335938, -0.6365422010421753, -0.4877389967441559, -0.6778256297111511, -0.7655177712440491, -0.683228075504303, -0.8555290699005127, -0.9054747819900513, -0.8168542981147766, -0.9735702872276306, -0.9121671915054321, -0.7887155413627625, -1.1114791631698608, -1.0373183488845825]","[0.1828835904598236, 0.032167114317417145, 0.04991184547543526, 0.5319449305534363, 0.48746615648269653, 0.6454516053199768, 1.1378861665725708, 1.0691649913787842, 1.097412109375, 1.3804993629455566, 1.218612790107727, 1.3813976049423218, 1.8345521688461304, 1.6028269529342651, 1.7335834503173828]","[-0.29665622115135193, -0.3408541977405548, -0.5015960931777954, -0.6942834854125977, -0.7654392719268799, -0.7474909424781799, -0.7800447344779968, -0.8689067363739014, -0.9766652584075928, -1.1119132041931152, -1.2999217510223389, -1.485646367073059, -1.545002818107605, -1.4747705459594727, -1.3678390979766846]","[-0.16340185701847076, -0.1756846010684967, -0.18692047894001007, -0.31354424357414246, -0.2923184335231781, -0.30651217699050903, -0.4423621594905853, -0.4887100160121918, -0.556541919708252, -0.6824836134910583, -0.7254621982574463, -0.8353008031845093, -0.9296382069587708, -0.7707974910736084, -0.6261032223701477]","[0.46855998039245605, 0.5383377075195312, 0.6188780069351196, 0.5455045104026794, 0.6887291073799133, 0.7613660097122192, 0.6616028547286987, 0.708095908164978, 0.6823477149009705, 0.598198413848877, 0.7085859179496765, 0.6736837029457092, 0.6303028464317322, 0.9074130654335022, 0.8690763711929321]","[-0.47358161211013794, -0.34970590472221375, -0.30528321862220764, -0.4687885046005249, -0.44576334953308105, -0.5032117962837219, -0.7828120589256287, -0.8959174156188965, -0.9574377536773682, -1.0582507848739624, -0.9540138840675354, -0.9626862406730652, -1.1733108758926392, -1.1813157796859741, -1.322182536125183]","[-0.8801190257072449, -1.0270812511444092, -1.0024611949920654, -0.7659719586372375, -0.7309897541999817, -0.6143532395362854, -0.3606944680213928, -0.3029906153678894, -0.2176593542098999, -0.014825430698692799, 0.13478955626487732, 0.4520156681537628, 0.7293868660926819, 0.6515340209007263, 0.7335576415061951]","[-0.29898861050605774, -0.3680804669857025, -0.42927783727645874, -0.49160921573638916, -0.5892252922058105, -0.7779129147529602, -0.6898691654205322, -0.2936553359031677, -0.10847125947475433, -0.05618319660425186, 0.19870398938655853, 0.3515319526195526, 0.35191982984542847, 0.4506046772003174, 0.28291231393814087]","[0.8524248600006104, 1.2521073818206787, 1.4375348091125488, 1.3517208099365234, 1.3847355842590332, 1.104732632637024, 0.7709566354751587, 0.8958241939544678, 0.9619567394256592, 0.8546859622001648, 0.8982170820236206, 0.7318784594535828, 0.5100826025009155, 0.5871889591217041, 0.3322243094444275]",15
1610,35,6,15,1,1,1.2981997,64.369156,2.039925,0.3729659920919346,1367.2291,"[-2.5180306434631348, -2.423584222793579, -2.23421311378479, -2.0353665351867676, -1.911696195602417, -1.8145158290863037, -1.758065938949585, -1.7404316663742065, -1.7071269750595093, -1.6981792449951172, -1.7519400119781494, -1.7718946933746338, -1.693687915802002, -1.652918815612793, -1.674371600151062]","[-0.6050772666931152, -0.6216814517974854, -0.7722446918487549, -0.8109856247901917, -0.8843904137611389, -0.94537353515625, -0.8382842540740967, -0.8288397192955017, -0.9017353057861328, -0.7733995318412781, -0.6659976243972778, -0.6641156673431396, -0.5555816888809204, -0.5890977382659912, -0.7834673523902893]","[0.45107904076576233, 0.4331936836242676, 0.43736517429351807, 0.41990000009536743, 0.4296618700027466, 0.40485498309135437, 0.30687645077705383, 0.21688345074653625, 0.1445012092590332, 0.05682777240872383, -0.004110215697437525, -0.05965295433998108, -0.13445959985256195, -0.12183111906051636, -0.05384719371795654]","[-0.5630111694335938, -0.6365422010421753, -0.4877389967441559, -0.6778256297111511, -0.7655177712440491, -0.683228075504303, -0.8555290699005127, -0.9054747819900513, -0.8168542981147766, -0.9735702872276306, -0.9121671915054321, -0.7887155413627625, -1.1114791631698608, -1.0373183488845825, -0.6313389539718628]","[0.032167114317417145, 0.04991184547543526, 0.5319449305534363, 0.48746615648269653, 0.6454516053199768, 1.1378861665725708, 1.0691649913787842, 1.097412109375, 1.3804993629455566, 1.218612790107727, 1.3813976049423218, 1.8345521688461304, 1.6028269529342651, 1.7335834503173828, 2.267125368118286]","[-0.3408541977405548, -0.5015960931777954, -0.6942834854125977, -0.7654392719268799, -0.7474909424781799, -0.7800447344779968, -0.8689067363739014, -0.9766652584075928, -1.1119132041931152, -1.2999217510223389, -1.485646367073059, -1.545002818107605, -1.4747705459594727, -1.3678390979766846, -1.327642560005188]","[-0.1756846010684967, -0.18692047894001007, -0.31354424357414246, -0.2923184335231781, -0.30651217699050903, -0.4423621594905853, -0.4887100160121918, -0.556541919708252, -0.6824836134910583, -0.7254621982574463, -0.8353008031845093, -0.9296382069587708, -0.7707974910736084, -0.6261032223701477, -0.5843501687049866]","[0.5383377075195312, 0.6188780069351196, 0.5455045104026794, 0.6887291073799133, 0.7613660097122192, 0.6616028547286987, 0.708095908164978, 0.6823477149009705, 0.598198413848877, 0.7085859179496765, 0.6736837029457092, 0.6303028464317322, 0.9074130654335022, 0.8690763711929321, 0.6386967897415161]","[-0.34970590472221375, -0.30528321862220764, -0.4687885046005249, -0.44576334953308105, -0.5032117962837219, -0.7828120589256287, -0.8959174156188965, -0.9574377536773682, -1.0582507848739624, -0.9540138840675354, -0.9626862406730652, -1.1733108758926392, -1.1813157796859741, -1.322182536125183, -1.6325501203536987]","[-1.0270812511444092, -1.0024611949920654, -0.7659719586372375, -0.7309897541999817, -0.6143532395362854, -0.3606944680213928, -0.3029906153678894, -0.2176593542098999, -0.014825430698692799, 0.13478955626487732, 0.4520156681537628, 0.7293868660926819, 0.6515340209007263, 0.7335576415061951, 0.9718717336654663]","[-0.3680804669857025, -0.42927783727645874, -0.49160921573638916, -0.5892252922058105, -0.7779129147529602, -0.6898691654205322, -0.2936553359031677, -0.10847125947475433, -0.05618319660425186, 0.19870398938655853, 0.3515319526195526, 0.35191982984542847, 0.4506046772003174, 0.28291231393814087, -0.09431829303503036]","[1.2521073818206787, 1.4375348091125488, 1.3517208099365234, 1.3847355842590332, 1.104732632637024, 0.7709566354751587, 0.8958241939544678, 0.9619567394256592, 0.8546859622001648, 0.8982170820236206, 0.7318784594535828, 0.5100826025009155, 0.5871889591217041, 0.3322243094444275, -0.15752477943897247]",15
4361,96,4,15,2,2,0.5039635,57.562195,1.789082,0.49239362147924504,1229.536,"[-0.5333017706871033, -0.7530946135520935, -0.9214078783988953, -0.8090508580207825, -0.796537458896637, -0.8049342036247253, -0.6144402027130127, -0.6496025323867798, -1.069109320640564, -1.333930492401123, -1.3856651782989502, -1.610675573348999, -1.763268232345581, -1.5986953973770142, -1.588053822517395]","[0.9608321785926819, 0.8397364616394043, 0.7160468101501465, 0.7719021439552307, 0.7798869609832764, 0.644339382648468, 0.5152875185012817, 0.4141789376735687, 0.34733760356903076, 0.4436997175216675, 0.5570432543754578, 0.4454103112220764, 0.31086862087249756, 0.3517269790172577, 0.3401077389717102]","[-0.9659737348556519, -0.8133249282836914, -0.8359825015068054, -1.130566120147705, -1.2761212587356567, -1.2480902671813965, -1.312092900276184, -1.2601054906845093, -0.9280475378036499, -0.7108988165855408, -0.6886134743690491, -0.5479114651679993, -0.3773966133594513, -0.3678385615348816, -0.27072957158088684]","[-1.7449181079864502, -1.561457872390747, -1.3919520378112793, -1.63340425491333, -1.6458648443222046, -1.4531152248382568, -1.6752742528915405, -1.8527363538742065, -1.534983515739441, -1.4616293907165527, -1.5574520826339722, -0.9812418222427368, -0.3664485812187195, -0.45539483428001404, -0.3477473556995392]","[1.0521601438522339, 1.1548435688018799, 1.1862128973007202, 1.0031776428222656, 0.9422925710678101, 0.9583118557929993, 0.8477794528007507, 0.8953448534011841, 1.11521315574646, 0.9895351529121399, 0.721923291683197, 0.8556405901908875, 1.0558865070343018, 1.047916054725647, 1.242832899093628]","[-2.100151538848877, -1.7679715156555176, -1.563312292098999, -1.7372548580169678, -1.7008042335510254, -1.414845585823059, -1.4096531867980957, -1.5123469829559326, -1.3067141771316528, -1.0954985618591309, -1.0876140594482422, -1.0336607694625854, -1.0442928075790405, -1.3181732892990112, -1.492643117904663]","[-0.5726087093353271, -0.5037059783935547, -0.26735785603523254, -0.1389959454536438, 0.008493879809975624, 0.21924450993537903, 0.2933327853679657, 0.23012813925743103, 0.19454361498355865, 0.25599396228790283, 0.48592841625213623, 0.8792940974235535, 1.1577318906784058, 1.1356042623519897, 1.0704549551010132]","[0.9462566375732422, 0.836622416973114, 0.748569905757904, 0.9741084575653076, 0.9518774151802063, 0.7286620140075684, 0.8386174440383911, 0.9530849456787109, 0.6347358822822571, 0.35839155316352844, 0.2932020127773285, -0.02641976624727249, -0.3124734163284302, -0.13097268342971802, -0.0779273584485054]","[0.5837852954864502, 0.5148282051086426, 0.4178270697593689, 0.44411224126815796, 0.44112202525138855, 0.2847502827644348, 0.04910169169306755, -0.21725182235240936, -0.47218865156173706, -0.5906157493591309, -0.6537717580795288, -0.7936410903930664, -0.8892033696174622, -0.9358431100845337, -1.1192342042922974]","[1.9004179239273071, 1.8284457921981812, 1.5803054571151733, 1.3178620338439941, 1.2364472150802612, 1.1500993967056274, 0.8719908595085144, 0.6574938893318176, 0.6554360389709473, 0.58327716588974, 0.38470473885536194, 0.3770357370376587, 0.6436318159103394, 0.9932576417922974, 1.3403788805007935]","[-1.2365754842758179, -1.2829939126968384, -1.3733686208724976, -1.543056845664978, -1.6952699422836304, -1.7115960121154785, -1.6471741199493408, -1.5087131261825562, -1.2562536001205444, -0.9400336146354675, -0.7760682702064514, -0.9257135987281799, -1.1432064771652222, -1.1607458591461182, -1.0704411268234253]","[-1.1685726642608643, -1.2547415494918823, -1.1795711517333984, -0.8447173237800598, -0.8101650476455688, -0.8399378657341003, -0.4180159270763397, -0.01794782280921936, 0.06910142302513123, 0.279264360666275, 0.44245216250419617, 0.0352194681763649, -0.46821388602256775, -0.5438884496688843, -0.6726871132850647]",15
14377,319,10,10,7,7,0.4507115,58.105186,1.5084608,0.3846512357393257,1226.5901,"[0.12085260450839996, 0.10017484426498413, 0.10032583028078079, 0.09424493461847305, 0.1056608036160469, 0.16163240373134613, 0.14250461757183075, -0.036638811230659485, -0.17538395524024963, -0.10681741684675217]","[-0.19481027126312256, -0.34134531021118164, -0.4740695059299469, -0.6133421659469604, -0.74034583568573, -0.843996524810791, -0.9395312070846558, -1.0331851243972778, -1.040815830230713, -0.8935337662696838]","[0.5122820138931274, 0.6487876772880554, 0.7433536648750305, 0.8922582268714905, 1.0370361804962158, 1.091571569442749, 1.2255054712295532, 1.5736141204833984, 1.8006401062011719, 1.6537470817565918]","[0.2794450521469116, 0.3370036780834198, 0.4684310555458069, 0.6948689818382263, 0.9024513959884644, 0.9305399060249329, 0.8950114250183105, 1.0156915187835693, 1.1164201498031616, 0.9410300850868225]","[1.0441999435424805, 0.8614469766616821, 0.6698634624481201, 0.5747810006141663, 0.5689684748649597, 0.5686222314834595, 0.5710819363594055, 0.6584267616271973, 0.6586364507675171, 0.4218944013118744]","[0.5680115818977356, 0.39625662565231323, 0.27318719029426575, 0.21486426889896393, 0.18024440109729767, 0.14195197820663452, 0.08109261840581894, 0.01807248219847679, -0.042098190635442734, -0.12863877415657043]","[-0.6760930418968201, -0.7174486517906189, -0.7917383909225464, -0.9306579232215881, -1.025311827659607, -0.9687256813049316, -0.8835076093673706, -0.9364685416221619, -1.031622052192688, -0.9603313207626343]","[-0.5174851417541504, -0.3550255596637726, -0.21992892026901245, -0.011562181636691093, 0.3169715106487274, 0.734833836555481, 1.201695442199707, 1.6393109560012817, 1.9232456684112549, 2.004608631134033]","[-0.5534614324569702, -0.47848987579345703, -0.33752089738845825, -0.15122845768928528, 0.07158246636390686, 0.3090117275714874, 0.49442416429519653, 0.5756453275680542, 0.6028933525085449, 0.6392945647239685]","[-0.29851776361465454, -0.10671690106391907, 0.0779402107000351, 0.22949248552322388, 0.31018370389938354, 0.30299413204193115, 0.23744021356105804, 0.1402503103017807, -0.03393062204122543, -0.262149453163147]","[-0.0649290382862091, -0.0747969001531601, -0.024518676102161407, 0.01602812670171261, -0.11033087223768234, -0.49400073289871216, -0.9460225701332092, -1.2016172409057617, -1.2815971374511719, -1.3832515478134155]","[-0.5837212204933167, -0.776576817035675, -0.9535040259361267, -1.1734743118286133, -1.3667833805084229, -1.4367790222167969, -1.5305296182632446, -1.787901520729065, -1.9510561227798462, -1.7164503335952759]",10
5842,129,0,15,2,2,0.8796911,55.266644,2.0620222,0.4176643137540723,1188.0768,"[-0.6595001816749573, -0.599743127822876, -0.6429170370101929, -0.6071631908416748, -0.47353991866111755, -0.4983941912651062, -0.5561518669128418, -0.47123125195503235, -0.41891318559646606, -0.5258417129516602, -0.6343205571174622, -0.6648430228233337, -0.6669803857803345, -0.6117035150527954, -0.5357062816619873]","[1.4546630382537842, 1.3368357419967651, 1.1543991565704346, 1.138777256011963, 1.1302205324172974, 0.8860788345336914, 0.7573825120925903, 0.8258235454559326, 0.8055093288421631, 0.8137221932411194, 1.0125125646591187, 1.0656605958938599, 0.8630609512329102, 0.820007860660553, 0.9794774055480957]","[0.054586805403232574, 0.08352863788604736, -0.07631602138280869, -0.33738672733306885, -0.5099811553955078, -0.5624895691871643, -0.6330925226211548, -0.7210503816604614, -0.7243831753730774, -0.6635810136795044, -0.5917181372642517, -0.5225887298583984, -0.5660076141357422, -0.7613181471824646, -0.7983759045600891]","[-1.560953140258789, -1.6364688873291016, -1.4235156774520874, -1.6312994956970215, -2.0043461322784424, -1.6442898511886597, -1.329020380973816, -1.5818214416503906, -1.5971534252166748, -1.2704353332519531, -1.279962420463562, -1.2275527715682983, -0.755922794342041, -0.7575728297233582, -1.2013757228851318]","[1.3418073654174805, 1.3503937721252441, 1.681450366973877, 1.7298582792282104, 1.7546017169952393, 1.9714149236679077, 2.018664598464966, 1.8094393014907837, 1.886301040649414, 2.181732654571533, 2.1654860973358154, 2.0448505878448486, 2.1115775108337402, 2.0624687671661377, 1.9162269830703735]","[-2.3541860580444336, -2.255403518676758, -1.9453771114349365, -1.7652918100357056, -1.8434808254241943, -1.703307867050171, -1.5758808851242065, -1.6303648948669434, -1.6332224607467651, -1.6227986812591553, -1.7204222679138184, -1.6709343194961548, -1.4235485792160034, -1.280145287513733, -1.1489574909210205]","[-0.850864052772522, -0.9521340131759644, -0.7019340395927429, -0.5099939107894897, -0.5097134709358215, -0.39880919456481934, -0.2396552562713623, -0.19492658972740173, -0.14260651171207428, -0.04545539245009422, -0.03877747058868408, -0.01402281690388918, 0.23622436821460724, 0.5507726073265076, 0.6345682740211487]","[1.1279038190841675, 1.1714346408843994, 1.0118910074234009, 1.0473638772964478, 1.2974307537078857, 1.021659016609192, 0.7708221077919006, 0.9497084617614746, 0.9668219089508057, 0.7304209470748901, 0.7039667963981628, 0.6235408782958984, 0.18369369208812714, -0.05465793237090111, 0.051667533814907074]","[-0.3209271728992462, -0.3879493176937103, -0.4448104500770569, -0.4182687997817993, -0.3691460192203522, -0.409547358751297, -0.4267904460430145, -0.4154503047466278, -0.5394512414932251, -0.7499157190322876, -0.8523155450820923, -0.9194294810295105, -1.0862481594085693, -1.2319031953811646, -1.2712078094482422]","[2.2403504848480225, 2.082002878189087, 1.9934642314910889, 1.828214406967163, 1.725781798362732, 1.4088419675827026, 0.9950391054153442, 0.7968127727508545, 0.7371087670326233, 0.8022077083587646, 0.9332166314125061, 0.907503604888916, 0.8228921890258789, 0.8932338356971741, 0.9341712594032288]","[-0.7520194053649902, -0.7018570303916931, -0.9998772740364075, -1.3694536685943604, -1.6416951417922974, -1.7216887474060059, -1.7734004259109497, -1.932545781135559, -2.073486328125, -2.0333518981933594, -1.8282444477081299, -1.496305227279663, -1.217254877090454, -1.1456294059753418, -1.180651307106018]","[-0.6678329706192017, -0.6191128492355347, -1.0453927516937256, -1.312802791595459, -1.0855183601379395, -0.8904536962509155, -0.6454274654388428, -0.3587205410003662, -0.3268289566040039, -0.40949153900146484, -0.2041703313589096, 0.04383930191397667, 0.027950236573815346, 0.021623820066452026, 0.10538077354431152]",15
8998,199,1,15,4,4,0.29243803,48.693993,1.7204041,0.4146776677696107,1046.226,"[0.37392982840538025, 0.3102791905403137, 0.1113385334610939, 0.046651676297187805, 0.10231336951255798, 0.11288478225469589, 0.023087063804268837, -0.030853338539600372, 0.11418401449918747, 0.43142735958099365, 0.7529274821281433, 1.002638339996338, 1.2493520975112915, 1.495524525642395, 1.6037098169326782]","[-1.0745056867599487, -0.9435407519340515, -0.9352027177810669, -0.8482496738433838, -0.6817527413368225, -0.5273035168647766, -0.4178541600704193, -0.3494136929512024, -0.39473387598991394, -0.5959784388542175, -0.8790450096130371, -1.1674271821975708, -1.391939401626587, -1.5609309673309326, -1.6841951608657837]","[-1.8600713014602661, -1.910662293434143, -1.734130620956421, -1.7212107181549072, -1.9272010326385498, -2.1002089977264404, -2.0975770950317383, -2.0608160495758057, -2.0834290981292725, -2.019808530807495, -1.731234073638916, -1.3269565105438232, -1.0107816457748413, -0.7411536574363708, -0.3822782039642334]","[0.8154141902923584, 0.6226978898048401, 0.9730427265167236, 1.009659767150879, 0.7557200193405151, 0.6775282025337219, 0.9031397104263306, 1.1410096883773804, 1.1527734994888306, 1.1141903400421143, 1.3037418127059937, 1.5218982696533203, 1.3880972862243652, 0.9165022969245911, 0.6095987558364868]","[0.9186077117919922, 0.9091655611991882, 1.172455906867981, 1.3446879386901855, 1.2566421031951904, 1.2074151039123535, 1.260536551475525, 1.1371208429336548, 0.7615445256233215, 0.413433313369751, 0.3314187526702881, 0.49957072734832764, 0.6143866777420044, 0.49767228960990906, 0.26129865646362305]","[0.44069257378578186, 0.19612210988998413, 0.04155365005135536, -0.14664408564567566, -0.283304363489151, -0.26266586780548096, -0.12003547698259354, -0.007304291240870953, -0.0043103983625769615, -0.0848921462893486, -0.17543074488639832, -0.23732972145080566, -0.28122448921203613, -0.28687843680381775, -0.20680010318756104]","[0.06770368665456772, -0.19240909814834595, -0.5477585196495056, -0.6416529417037964, -0.6305113434791565, -0.8564698696136475, -1.2947620153427124, -1.5746835470199585, -1.5026729106903076, -1.318773865699768, -1.3776543140411377, -1.6700241565704346, -1.8757050037384033, -1.8443613052368164, -1.741348385810852]","[-1.0962327718734741, -0.8319100737571716, -0.8685833811759949, -0.9199128746986389, -0.8948158621788025, -0.8749479055404663, -0.8631815314292908, -0.8239822387695312, -0.7668828368186951, -0.7194357514381409, -0.6440900564193726, -0.4442586600780487, -0.09917263686656952, 0.21933896839618683, 0.32699552178382874]","[-0.10093110799789429, -0.03208938241004944, -0.10501467436552048, -0.07268909364938736, 0.07611646503210068, 0.2063853144645691, 0.2706729471683502, 0.3675342798233032, 0.5202004313468933, 0.6488468647003174, 0.7051931023597717, 0.6808019280433655, 0.6448867321014404, 0.6256669759750366, 0.56813645362854]","[-0.4767552316188812, -0.3541336953639984, -0.0421128123998642, 0.21595387160778046, 0.32892605662345886, 0.3826594352722168, 0.5062928795814514, 0.6696749329566956, 0.8534973859786987, 1.1210912466049194, 1.468500018119812, 1.7614699602127075, 1.8290879726409912, 1.7030807733535767, 1.561229944229126]","[0.28989866375923157, 0.5070170164108276, 0.6499033570289612, 0.7145666480064392, 0.8684774041175842, 1.1895233392715454, 1.521465539932251, 1.6223546266555786, 1.4101663827896118, 1.0638232231140137, 0.802640438079834, 0.696309506893158, 0.6126661896705627, 0.43896257877349854, 0.2850532531738281]","[1.5402508974075317, 1.4839653968811035, 1.064152479171753, 0.9833928346633911, 1.169171690940857, 0.9491764903068542, 0.3150996267795563, -0.09994789958000183, 0.01938016340136528, 0.21721585094928741, -0.039474040269851685, -0.6507494449615479, -1.0985604524612427, -1.1843808889389038, -1.1698198318481445]",15
9224,204,6,15,4,4,0.6317897,48.611767,1.8946898,0.3154397085361538,1044.848,"[1.6819891929626465, 1.8845055103302002, 2.047396659851074, 1.9932929277420044, 1.818336844444275, 1.659894347190857, 1.5552321672439575, 1.4082269668579102, 1.235581874847412, 1.2530478239059448, 1.550916075706482, 1.9132587909698486, 2.046785831451416, 1.9725451469421387, 1.8233188390731812]","[-1.3592363595962524, -1.627501368522644, -1.7877846956253052, -1.790494441986084, -1.692751407623291, -1.5646029710769653, -1.4591073989868164, -1.2911584377288818, -1.0719021558761597, -1.0072078704833984, -1.290335774421692, -1.8066703081130981, -2.113513469696045, -1.9495866298675537, -1.6488548517227173]","[-1.8051530122756958, -1.6413689851760864, -1.4877114295959473, -1.3952773809432983, -1.2793347835540771, -1.1398274898529053, -1.0340211391448975, -1.0389333963394165, -1.161205768585205, -1.2283750772476196, -0.9366694688796997, -0.3162413537502289, 0.07122885435819626, -0.11704958975315094, -0.4186997711658478]","[2.30700945854187, 2.3204762935638428, 2.1014328002929688, 1.8184715509414673, 1.6056501865386963, 1.4402506351470947, 1.3026103973388672, 1.3562265634536743, 1.5291979312896729, 1.5334500074386597, 1.3444768190383911, 1.219877004623413, 1.1809446811676025, 1.0579934120178223, 1.1188089847564697]","[-1.5569714307785034, -1.5442891120910645, -1.591609001159668, -1.6096426248550415, -1.4698485136032104, -1.234014868736267, -0.9148337841033936, -0.6448647975921631, -0.5368154048919678, -0.5596809387207031, -0.6313747763633728, -0.6971283555030823, -0.8704093098640442, -1.1732137203216553, -1.4033782482147217]","[0.4651273787021637, 0.537412166595459, 0.5592015981674194, 0.6076840162277222, 0.6490967869758606, 0.5753328204154968, 0.3995805084705353, 0.21990007162094116, 0.07470929622650146, -0.0409887470304966, -0.09003065526485443, -0.009322570636868477, 0.12063857913017273, 0.15627238154411316, 0.19524617493152618]","[0.0378686860203743, -0.1458139270544052, -0.2766173183917999, -0.47670263051986694, -0.7579091787338257, -0.9987805485725403, -1.1649596691131592, -1.2638168334960938, -1.2513935565948486, -1.130627155303955, -1.0871517658233643, -1.254935383796692, -1.4472956657409668, -1.3967583179473877, -1.2462668418884277]","[-0.6446333527565002, -0.9031010866165161, -1.0107018947601318, -1.074396014213562, -1.1381237506866455, -1.0702522993087769, -0.8552565574645996, -0.6593570113182068, -0.5664169192314148, -0.47468841075897217, -0.32913315296173096, -0.24047544598579407, -0.14182385802268982, 0.04269232228398323, 0.010508050210773945]","[-0.028260305523872375, 0.1033707782626152, 0.2754315137863159, 0.4909992814064026, 0.6800642013549805, 0.7859166264533997, 0.7883308529853821, 0.7739213705062866, 0.8048931956291199, 0.8358517289161682, 0.8245871663093567, 0.8093075156211853, 0.8412222862243652, 0.9063748717308044, 0.9717075824737549]","[0.31459954380989075, 0.5623083710670471, 0.7361169457435608, 0.8680335879325867, 0.9946864247322083, 1.0758353471755981, 1.1213656663894653, 1.1771711111068726, 1.252333641052246, 1.3032498359680176, 1.2797212600708008, 1.1731278896331787, 0.9664328694343567, 0.6347083449363708, 0.38630691170692444]","[1.1630125045776367, 1.020998477935791, 0.9157342314720154, 0.872699499130249, 0.850874662399292, 0.8222042322158813, 0.7716035842895508, 0.6512075662612915, 0.4193127155303955, 0.11544065922498703, -0.1709553599357605, -0.3452550768852234, -0.3580203354358673, -0.29149073362350464, -0.2889482080936432]","[1.0665347576141357, 1.0183448791503906, 1.0523337125778198, 1.0219968557357788, 0.8234393000602722, 0.5556604862213135, 0.23679611086845398, -0.11723662912845612, -0.3722912073135376, -0.45969337224960327, -0.5741409659385681, -0.8644225001335144, -1.0664689540863037, -0.8435133695602417, -0.503958523273468]",15
12412,275,5,15,6,6,0.11154413,44.836384,1.3495817,0.3794409753738832,956.18713,"[1.0505269765853882, 1.1284188032150269, 1.201823353767395, 0.9748954176902771, 0.8627991080284119, 0.8243541717529297, 0.8526283502578735, 1.1127995252609253, 1.1864157915115356, 0.900674045085907, 0.6512534022331238, 0.5072643756866455, 0.49134719371795654, 0.5967568755149841, 0.42656058073043823]","[0.15793876349925995, 0.2233801931142807, 0.4005507826805115, 0.5911065340042114, 0.7762097120285034, 0.907263994216919, 0.852262020111084, 0.7158863544464111, 0.7430073618888855, 0.8995547294616699, 0.8920553922653198, 0.6461677551269531, 0.417730450630188, 0.3705424666404724, 0.3649573028087616]","[-0.4693603515625, -1.036352515220642, -1.4760760068893433, -1.63835871219635, -1.757736325263977, -1.8519408702850342, -1.745819091796875, -1.6335959434509277, -1.8005614280700684, -1.9694747924804688, -1.8247408866882324, -1.5557974576950073, -1.474852442741394, -1.55549156665802, -1.562332034111023]","[-0.3201836943626404, 0.06006215512752533, 0.17357279360294342, 0.19081836938858032, -0.14358678460121155, -0.38013261556625366, -0.5455076098442078, -0.8817439079284668, -0.7430096864700317, -0.394015908241272, -0.6860581636428833, -0.85499107837677, -0.5203101634979248, -0.43846747279167175, -0.2559906840324402]","[0.34757959842681885, -0.41489312052726746, -0.63795405626297, -0.27105721831321716, -0.26140096783638, -0.1774667352437973, 0.12127958983182907, 0.03633296117186546, -0.07261354476213455, 0.10935404896736145, 0.2696050703525543, 0.5314391851425171, 0.6381792426109314, 0.23022276163101196, 0.16648581624031067]","[1.2956613302230835, 1.1886879205703735, 1.3096590042114258, 1.5161752700805664, 1.4738717079162598, 1.5181719064712524, 1.6210681200027466, 1.6823666095733643, 2.0983293056488037, 2.4571495056152344, 2.2308478355407715, 1.9424500465393066, 1.9139691591262817, 1.8514864444732666, 1.7917463779449463]","[-0.4456697702407837, -0.025345975533127785, 0.09960105270147324, 0.2918926477432251, 0.6012207865715027, 0.7606300115585327, 0.8190679550170898, 0.7822650671005249, 0.5722874402999878, 0.3661964535713196, 0.3408485949039459, 0.41376960277557373, 0.36480775475502014, 0.17343932390213013, 0.11471417546272278]","[-1.2955617904663086, -1.7433744668960571, -2.1086084842681885, -2.3165698051452637, -2.312875747680664, -2.3323705196380615, -2.411895990371704, -2.4650137424468994, -2.6579198837280273, -2.8307995796203613, -2.7276031970977783, -2.630502939224243, -2.653336524963379, -2.4785406589508057, -2.3380794525146484]","[1.5493223667144775, 2.2657225131988525, 2.7996530532836914, 2.8929097652435303, 2.917515516281128, 2.7993547916412354, 2.534348487854004, 2.471688747406006, 2.5474588871002197, 2.404273748397827, 2.1920812129974365, 2.156493902206421, 2.319894552230835, 2.5877275466918945, 2.6276965141296387]","[2.8292014598846436, 2.3319945335388184, 1.409035563468933, 0.5662621259689331, 0.40142980217933655, 0.3560590147972107, 0.47377708554267883, 0.7018793821334839, 0.14626234769821167, -0.3531302213668823, 0.17153844237327576, 0.4321531355381012, 0.026855597272515297, -0.17691466212272644, -0.5780802369117737]","[-1.7329760789871216, -2.0069260597229004, -1.8490331172943115, -1.4184768199920654, -1.4165927171707153, -1.3958922624588013, -1.5871073007583618, -2.079206705093384, -1.6030868291854858, -0.8079894185066223, -1.4324133396148682, -2.2217795848846436, -2.1077868938446045, -1.9605673551559448, -1.4820876121520996]","[-1.5473151206970215, -1.3135838508605957, -1.193662405014038, -1.0168787240982056, -0.7550621032714844, -0.5219310522079468, -0.13423191010951996, 0.272020161151886, 0.33862027525901794, 0.27854132652282715, 0.4959469735622406, 0.833949625492096, 0.9493072628974915, 0.9015299081802368, 0.9277077913284302]",15
12411,275,3,15,6,6,0.35098505,44.47886,1.5947971,0.36245301232847127,955.5437,"[1.4913922548294067, 1.3927181959152222, 1.0505269765853882, 1.1284188032150269, 1.201823353767395, 0.9748954176902771, 0.8627991080284119, 0.8243541717529297, 0.8526283502578735, 1.1127995252609253, 1.1864157915115356, 0.900674045085907, 0.6512534022331238, 0.5072643756866455, 0.49134719371795654]","[-0.10290831327438354, 0.08890191465616226, 0.15793876349925995, 0.2233801931142807, 0.4005507826805115, 0.5911065340042114, 0.7762097120285034, 0.907263994216919, 0.852262020111084, 0.7158863544464111, 0.7430073618888855, 0.8995547294616699, 0.8920553922653198, 0.6461677551269531, 0.417730450630188]","[-0.1957802176475525, -0.18167588114738464, -0.4693603515625, -1.036352515220642, -1.4760760068893433, -1.63835871219635, -1.757736325263977, -1.8519408702850342, -1.745819091796875, -1.6335959434509277, -1.8005614280700684, -1.9694747924804688, -1.8247408866882324, -1.5557974576950073, -1.474852442741394]","[-0.7448793649673462, -0.9332570433616638, -0.3201836943626404, 0.06006215512752533, 0.17357279360294342, 0.19081836938858032, -0.14358678460121155, -0.38013261556625366, -0.5455076098442078, -0.8817439079284668, -0.7430096864700317, -0.394015908241272, -0.6860581636428833, -0.85499107837677, -0.5203101634979248]","[0.24422724545001984, 0.4223634898662567, 0.34757959842681885, -0.41489312052726746, -0.63795405626297, -0.27105721831321716, -0.26140096783638, -0.1774667352437973, 0.12127958983182907, 0.03633296117186546, -0.07261354476213455, 0.10935404896736145, 0.2696050703525543, 0.5314391851425171, 0.6381792426109314]","[0.9254553318023682, 1.1391671895980835, 1.2956613302230835, 1.1886879205703735, 1.3096590042114258, 1.5161752700805664, 1.4738717079162598, 1.5181719064712524, 1.6210681200027466, 1.6823666095733643, 2.0983293056488037, 2.4571495056152344, 2.2308478355407715, 1.9424500465393066, 1.9139691591262817]","[-0.23559579253196716, -0.6574814319610596, -0.4456697702407837, -0.025345975533127785, 0.09960105270147324, 0.2918926477432251, 0.6012207865715027, 0.7606300115585327, 0.8190679550170898, 0.7822650671005249, 0.5722874402999878, 0.3661964535713196, 0.3408485949039459, 0.41376960277557373, 0.36480775475502014]","[-1.3925782442092896, -1.067757248878479, -1.2955617904663086, -1.7433744668960571, -2.1086084842681885, -2.3165698051452637, -2.312875747680664, -2.3323705196380615, -2.411895990371704, -2.4650137424468994, -2.6579198837280273, -2.8307995796203613, -2.7276031970977783, -2.630502939224243, -2.653336524963379]","[1.2615256309509277, 1.3059601783752441, 1.5493223667144775, 2.2657225131988525, 2.7996530532836914, 2.8929097652435303, 2.917515516281128, 2.7993547916412354, 2.534348487854004, 2.471688747406006, 2.5474588871002197, 2.404273748397827, 2.1920812129974365, 2.156493902206421, 2.319894552230835]","[3.114661455154419, 3.1585566997528076, 2.8292014598846436, 2.3319945335388184, 1.409035563468933, 0.5662621259689331, 0.40142980217933655, 0.3560590147972107, 0.47377708554267883, 0.7018793821334839, 0.14626234769821167, -0.3531302213668823, 0.17153844237327576, 0.4321531355381012, 0.026855597272515297]","[-2.577838182449341, -2.149303674697876, -1.7329760789871216, -2.0069260597229004, -1.8490331172943115, -1.4184768199920654, -1.4165927171707153, -1.3958922624588013, -1.5871073007583618, -2.079206705093384, -1.6030868291854858, -0.8079894185066223, -1.4324133396148682, -2.2217795848846436, -2.1077868938446045]","[-0.9606017470359802, -1.4462511539459229, -1.5473151206970215, -1.3135838508605957, -1.193662405014038, -1.0168787240982056, -0.7550621032714844, -0.5219310522079468, -0.13423191010951996, 0.272020161151886, 0.33862027525901794, 0.27854132652282715, 0.4959469735622406, 0.833949625492096, 0.9493072628974915]",15
10796,239,7,15,5,5,0.5196488,39.8624,1.5087445,0.2852994679500753,856.77527,"[0.6196810007095337, 0.5723445415496826, 0.5199019312858582, 0.7076015472412109, 0.7746327519416809, 0.5622559189796448, 0.5808584094047546, 0.8517937064170837, 0.8956468105316162, 0.8122546672821045, 0.8300125002861023, 0.7382426261901855, 0.6455166935920715, 0.8119415640830994, 0.9621241688728333]","[-2.331730365753174, -2.2567763328552246, -2.1353611946105957, -2.2362236976623535, -2.3076541423797607, -2.1300008296966553, -2.1386361122131348, -2.3232531547546387, -2.290029287338257, -2.2723844051361084, -2.321531057357788, -2.1788032054901123, -2.173191785812378, -2.3242294788360596, -2.1773757934570312]","[2.051190137863159, 2.071516990661621, 2.0242300033569336, 2.104546070098877, 2.186582088470459, 2.0835700035095215, 1.9976152181625366, 1.9854099750518799, 1.901034951210022, 1.8131753206253052, 1.7429757118225098, 1.5943187475204468, 1.5535916090011597, 1.6229885816574097, 1.4972840547561646]","[0.16936513781547546, 0.3745023310184479, 0.5300145149230957, 0.41818931698799133, 0.39934220910072327, 0.5218994617462158, 0.4449461102485657, 0.12987466156482697, 0.002901270752772689, 0.11694164574146271, 0.06486731022596359, 0.057504381984472275, 0.4137668311595917, 0.41361743211746216, -0.07069753110408783]","[-1.8241957426071167, -1.7240443229675293, -1.7036912441253662, -1.9005547761917114, -2.075411558151245, -2.0617425441741943, -2.068948268890381, -2.192681312561035, -2.203354835510254, -2.0921592712402344, -2.150045871734619, -2.1926193237304688, -1.8951256275177002, -1.8618619441986084, -2.153529167175293]","[1.6426377296447754, 1.5275055170059204, 1.4605793952941895, 1.5425511598587036, 1.5812031030654907, 1.459834337234497, 1.4104517698287964, 1.4089044332504272, 1.260449767112732, 1.0621551275253296, 0.9623368978500366, 0.874697744846344, 0.7843250036239624, 0.816638171672821, 0.8825352787971497]","[1.0124094486236572, 0.8500527143478394, 0.688591480255127, 0.5699546933174133, 0.4673363268375397, 0.4591740667819977, 0.44642528891563416, 0.42866605520248413, 0.403543621301651, 0.2289649248123169, 0.08465702086687088, 0.049902915954589844, -0.1414339691400528, -0.1765652298927307, 0.1679912507534027]","[-0.9520350694656372, -0.9145986437797546, -0.8884390592575073, -0.832144558429718, -0.8217064738273621, -0.8140010237693787, -0.6848488450050354, -0.47879359126091003, -0.3570358157157898, -0.33105337619781494, -0.30869346857070923, -0.3301812708377838, -0.4625430405139923, -0.5050418376922607, -0.36216995120048523]","[-2.1646621227264404, -2.0406055450439453, -1.8540788888931274, -1.7072890996932983, -1.6439954042434692, -1.598131775856018, -1.6075140237808228, -1.7009981870651245, -1.7472872734069824, -1.6639312505722046, -1.5382940769195557, -1.4093921184539795, -1.3360121250152588, -1.426268219947815, -1.5175021886825562]","[0.6497578024864197, 0.8426569104194641, 0.752945065498352, 0.5773438215255737, 0.4853498339653015, 0.38149669766426086, 0.31540393829345703, 0.3362535536289215, 0.3907627463340759, 0.5083920955657959, 0.5996479988098145, 0.6264211535453796, 0.7950136065483093, 1.026492714881897, 1.0753941535949707]","[0.961438775062561, 1.0758445262908936, 1.1708378791809082, 1.241056203842163, 1.3424856662750244, 1.3649083375930786, 1.3499914407730103, 1.3467329740524292, 1.349807620048523, 1.3639938831329346, 1.274780035018921, 1.2137418985366821, 1.4241626262664795, 1.4964525699615479, 1.2486923933029175]","[-1.9039133787155151, -2.032823324203491, -1.8547840118408203, -1.7316865921020508, -1.7078267335891724, -1.5818357467651367, -1.6107896566390991, -1.7540364265441895, -1.7048121690750122, -1.6422768831253052, -1.6053388118743896, -1.4535619020462036, -1.4407082796096802, -1.5897225141525269, -1.4452792406082153]",15
10799,239,9,15,5,5,0.35516763,39.712753,1.3267577,0.3056747319366486,849.34155,"[0.5199019312858582, 0.7076015472412109, 0.7746327519416809, 0.5622559189796448, 0.5808584094047546, 0.8517937064170837, 0.8956468105316162, 0.8122546672821045, 0.8300125002861023, 0.7382426261901855, 0.6455166935920715, 0.8119415640830994, 0.9621241688728333, 0.8731960654258728, 0.8309876918792725]","[-2.1353611946105957, -2.2362236976623535, -2.3076541423797607, -2.1300008296966553, -2.1386361122131348, -2.3232531547546387, -2.290029287338257, -2.2723844051361084, -2.321531057357788, -2.1788032054901123, -2.173191785812378, -2.3242294788360596, -2.1773757934570312, -2.1377367973327637, -2.2629950046539307]","[2.0242300033569336, 2.104546070098877, 2.186582088470459, 2.0835700035095215, 1.9976152181625366, 1.9854099750518799, 1.901034951210022, 1.8131753206253052, 1.7429757118225098, 1.5943187475204468, 1.5535916090011597, 1.6229885816574097, 1.4972840547561646, 1.2973957061767578, 1.3508909940719604]","[0.5300145149230957, 0.41818931698799133, 0.39934220910072327, 0.5218994617462158, 0.4449461102485657, 0.12987466156482697, 0.002901270752772689, 0.11694164574146271, 0.06486731022596359, 0.057504381984472275, 0.4137668311595917, 0.41361743211746216, -0.07069753110408783, 0.090145543217659, 0.45579299330711365]","[-1.7036912441253662, -1.9005547761917114, -2.075411558151245, -2.0617425441741943, -2.068948268890381, -2.192681312561035, -2.203354835510254, -2.0921592712402344, -2.150045871734619, -2.1926193237304688, -1.8951256275177002, -1.8618619441986084, -2.153529167175293, -1.7831201553344727, -1.5675272941589355]","[1.4605793952941895, 1.5425511598587036, 1.5812031030654907, 1.459834337234497, 1.4104517698287964, 1.4089044332504272, 1.260449767112732, 1.0621551275253296, 0.9623368978500366, 0.874697744846344, 0.7843250036239624, 0.816638171672821, 0.8825352787971497, 0.856535017490387, 0.7925785779953003]","[0.688591480255127, 0.5699546933174133, 0.4673363268375397, 0.4591740667819977, 0.44642528891563416, 0.42866605520248413, 0.403543621301651, 0.2289649248123169, 0.08465702086687088, 0.049902915954589844, -0.1414339691400528, -0.1765652298927307, 0.1679912507534027, 0.066271111369133, -0.16189494729042053]","[-0.8884390592575073, -0.832144558429718, -0.8217064738273621, -0.8140010237693787, -0.6848488450050354, -0.47879359126091003, -0.3570358157157898, -0.33105337619781494, -0.30869346857070923, -0.3301812708377838, -0.4625430405139923, -0.5050418376922607, -0.36216995120048523, -0.3032397925853729, -0.30456072092056274]","[-1.8540788888931274, -1.7072890996932983, -1.6439954042434692, -1.598131775856018, -1.6075140237808228, -1.7009981870651245, -1.7472872734069824, -1.6639312505722046, -1.5382940769195557, -1.4093921184539795, -1.3360121250152588, -1.426268219947815, -1.5175021886825562, -1.347117304801941, -1.2823445796966553]","[0.752945065498352, 0.5773438215255737, 0.4853498339653015, 0.38149669766426086, 0.31540393829345703, 0.3362535536289215, 0.3907627463340759, 0.5083920955657959, 0.5996479988098145, 0.6264211535453796, 0.7950136065483093, 1.026492714881897, 1.0753941535949707, 1.0387710332870483, 1.1024709939956665]","[1.1708378791809082, 1.241056203842163, 1.3424856662750244, 1.3649083375930786, 1.3499914407730103, 1.3467329740524292, 1.349807620048523, 1.3639938831329346, 1.274780035018921, 1.2137418985366821, 1.4241626262664795, 1.4964525699615479, 1.2486923933029175, 1.3900222778320312, 1.5256749391555786]","[-1.8547840118408203, -1.7316865921020508, -1.7078267335891724, -1.5818357467651367, -1.6107896566390991, -1.7540364265441895, -1.7048121690750122, -1.6422768831253052, -1.6053388118743896, -1.4535619020462036, -1.4407082796096802, -1.5897225141525269, -1.4452792406082153, -1.1634539365768433, -1.2844122648239136]",15
269,5,9,15,0,0,0.5282533,37.9803,1.7545464,0.3491172641815583,829.6983,"[2.3151164054870605, 1.812266230583191, 1.7306638956069946, 2.1356937885284424, 2.1735386848449707, 2.2295703887939453, 2.314088821411133, 1.847074031829834, 1.5531467199325562, 1.7980194091796875, 1.8619530200958252, 1.8725093603134155, 2.0113790035247803, 1.7794312238693237, 1.5667494535446167]","[0.23673002421855927, 0.5996394157409668, 0.34531375765800476, -0.0100450674071908, 0.35548877716064453, 0.6937041878700256, 0.8262858390808105, 1.1343450546264648, 1.2483088970184326, 1.066407322883606, 0.8364364504814148, 0.515862762928009, 0.33804991841316223, 0.2554020583629608, 0.03723718971014023]","[1.9935591220855713, 1.8381963968276978, 1.9508264064788818, 2.2542197704315186, 1.5961710214614868, 0.6028922200202942, 0.25232285261154175, 0.09681635349988937, -0.11774424463510513, -0.2190583497285843, -0.2662608027458191, 0.037623025476932526, 0.6929402351379395, 1.0377031564712524, 1.174342155456543]","[1.1390091180801392, 1.2547531127929688, 0.927210807800293, 0.23856478929519653, 0.5749951601028442, 1.1037219762802124, 0.6928017139434814, 0.22683025896549225, 0.07810290157794952, -0.0038049796130508184, 0.2400696575641632, 0.17026802897453308, -0.5606906414031982, -0.7240464091300964, -0.33469358086586]","[-2.90334415435791, -3.130690574645996, -2.561697483062744, -2.3389980792999268, -2.3868203163146973, -2.101639747619629, -2.016214370727539, -1.79461669921875, -1.1995927095413208, -1.0740464925765991, -0.9172382354736328, -0.4922213852405548, -0.785973072052002, -0.8296347260475159, -0.4440966844558716]","[-0.26278388500213623, -0.27267998456954956, -0.10163946449756622, 0.1928257793188095, 0.3921161890029907, 0.2543520927429199, 0.09842207282781601, 0.48009026050567627, 0.8716014623641968, 0.7535960674285889, 0.7370286583900452, 0.9735801219940186, 1.0125597715377808, 1.2389302253723145, 1.3948363065719604]","[0.10451634228229523, -0.0005735423765145242, -0.22485017776489258, -0.4125635623931885, -0.2800650894641876, 0.16247214376926422, 0.5730492472648621, 0.5059458613395691, 0.19411370158195496, 0.12717042863368988, -0.03960341960191727, -0.5224803686141968, -0.7758169174194336, -0.898256778717041, -1.1506890058517456]","[2.0594191551208496, 1.9772549867630005, 1.676101803779602, 1.8733294010162354, 2.0279641151428223, 2.108574867248535, 2.2761802673339844, 1.7652190923690796, 1.0690356492996216, 1.080089807510376, 0.9910140633583069, 0.7073918581008911, 0.9039462804794312, 0.7453137636184692, 0.2386525571346283]","[0.9667676687240601, 1.1977245807647705, 1.1965034008026123, 1.2354404926300049, 1.2992827892303467, 0.939719557762146, 0.6200125217437744, 0.9319941997528076, 1.2009873390197754, 0.7352262139320374, 0.08769496530294418, -0.011321353726089, 0.20497319102287292, -0.01177143957465887, -0.3615533709526062]","[-0.6620762348175049, -0.8259815573692322, -0.9315334558486938, -1.5190171003341675, -2.4159152507781982, -2.5987744331359863, -2.500443458557129, -3.1374456882476807, -3.3740053176879883, -2.5923960208892822, -2.3127410411834717, -2.584930419921875, -2.2869133949279785, -1.9862176179885864, -2.051027297973633]","[0.9845695495605469, 0.860564649105072, 0.13759110867977142, -0.0983983725309372, -0.13398943841457367, -0.6761932969093323, -1.1168731451034546, -1.4553701877593994, -1.9062787294387817, -1.4160665273666382, -0.38331225514411926, -0.07439155131578445, 0.29539942741394043, 1.1678383350372314, 1.6437562704086304]","[-0.8296589851379395, -0.42944657802581787, 0.11699675023555756, 0.5385249853134155, 0.8436424732208252, 0.8032135963439941, 0.7679088115692139, 1.2267546653747559, 1.5258234739303589, 1.3407931327819824, 1.4335682392120361, 1.8243292570114136, 1.8271843194961548, 1.6305015087127686, 1.6341586112976074]",15
176,3,9,15,0,0,0.12398863,36.47537,1.3730187,0.375225970486718,789.4592,"[1.504105806350708, 1.6974477767944336, 1.759126901626587, 2.1734771728515625, 2.159224033355713, 1.7648260593414307, 1.8283569812774658, 1.9225902557373047, 1.9217418432235718, 2.1241977214813232, 2.013521432876587, 1.5529628992080688, 1.4063421487808228, 1.6628729104995728, 1.86371648311615]","[0.19683262705802917, 0.3111184239387512, 0.39086398482322693, -0.14648157358169556, -0.12168757617473602, 0.23543931543827057, -0.06487756222486496, -0.2481449395418167, -0.2469131201505661, -0.3284499943256378, -0.14145897328853607, -0.021173620596528053, 0.09494893252849579, -0.07626911252737045, -0.628045916557312]","[1.1979663372039795, 1.1181622743606567, 0.8224855661392212, 0.8293994069099426, 0.41212573647499084, 0.048864759504795074, 0.5794594883918762, 1.0649017095565796, 1.0181314945220947, 0.7401219606399536, 0.18624848127365112, -0.18450325727462769, -0.2136957198381424, -0.37824583053588867, -0.37655702233314514]","[-0.6023417711257935, -0.7830385565757751, -0.5532119870185852, -0.23248958587646484, 0.5573076009750366, 1.2216274738311768, 0.6584790945053101, -0.39671212434768677, -0.6333613991737366, -0.21888118982315063, 0.8459277749061584, 1.9700082540512085, 1.5612598657608032, 1.0712569952011108, 1.8148119449615479]","[-0.7394217252731323, -0.725564181804657, -0.740993320941925, -0.8721380829811096, -1.2535706758499146, -1.1633448600769043, -0.5989750027656555, -0.38226816058158875, -0.17273476719856262, -0.24722912907600403, -0.9679626822471619, -1.1431180238723755, -0.8338896632194519, -0.7319969534873962, -0.5203772187232971]","[-1.0960508584976196, -0.8826201558113098, -0.8604769706726074, -0.7834134697914124, -0.7051153779029846, -0.7649431824684143, -0.6127257347106934, -0.10714006423950195, 0.4263537526130676, 0.5514585375785828, 0.7606198191642761, 1.193565011024475, 0.8724971413612366, 1.0401420593261719, 1.9580426216125488]","[-0.6373466849327087, -0.7765724062919617, -0.61177659034729, -0.3651098906993866, -0.5056937336921692, -0.8330177664756775, -0.996904730796814, -1.1295431852340698, -1.3374909162521362, -1.2060763835906982, -0.9749253988265991, -1.2322784662246704, -1.3478434085845947, -1.2556947469711304, -1.597034215927124]","[2.602910041809082, 2.9446887969970703, 2.8780696392059326, 2.5982139110565186, 2.323032855987549, 2.0023353099823, 1.8893111944198608, 2.050792694091797, 1.8688043355941772, 1.3734135627746582, 1.090225338935852, 1.0419868230819702, 1.2170579433441162, 1.1876273155212402, 0.6953070759773254]","[0.3379707634449005, 0.32798951864242554, 0.3308628797531128, 0.23449407517910004, 0.531108021736145, 0.8690587282180786, 0.6547074317932129, 0.3909049928188324, 0.22331206500530243, 0.08537214994430542, 0.1434769332408905, 0.10193885117769241, 0.16947020590305328, 0.37331071496009827, 0.34930115938186646]","[0.33953213691711426, -0.2363223433494568, -0.4235976040363312, -0.10573191940784454, -0.1929153949022293, -0.34510600566864014, -0.3991175889968872, -1.0628728866577148, -1.5411678552627563, -1.276566743850708, -1.5306057929992676, -2.0672430992126465, -1.8568711280822754, -1.8623017072677612, -2.304133415222168]","[0.19108931720256805, 0.337367445230484, 0.33986639976501465, -0.06541982293128967, -0.3097570240497589, -0.3352758586406708, -0.4405129551887512, -0.4062682092189789, -0.28048986196517944, 0.0034322584979236126, 0.8339208364486694, 1.47211492061615, 1.2713161706924438, 1.3260401487350464, 1.6552457809448242]","[-1.1348376274108887, -1.038643479347229, -0.7855936884880066, -0.8919179439544678, -0.857792854309082, -0.5050538778305054, -0.14962752163410187, 0.26885297894477844, 0.35387539863586426, 0.20817621052265167, 0.4471953511238098, 0.7160363793373108, 0.8892938494682312, 1.1155825853347778, 1.1931869983673096]",15
16465,365,0,15,8,8,0.32286334,36.481968,1.2226207,0.3879259222206568,785.7143,"[0.06183930113911629, -0.09610647708177567, 0.059745315462350845, 0.1265723556280136, 0.1787189394235611, 0.22884708642959595, 0.2629947066307068, 0.2699379324913025, 0.2538004517555237, 0.2736984193325043, 0.3561907410621643, 0.4305002987384796, 0.4314373731613159, 0.38042372465133667, 0.35708749294281006]","[0.38204294443130493, 0.5028330683708191, 0.45156151056289673, 0.2194676548242569, 0.24771955609321594, 0.45150041580200195, 0.5226925611495972, 0.44494202733039856, 0.4559653401374817, 0.5776246786117554, 0.6009514927864075, 0.4527411162853241, 0.3253931403160095, 0.40925905108451843, 0.5881823301315308]","[0.13202601671218872, -0.011022648774087429, -0.26871803402900696, -0.386549711227417, -0.4138788878917694, -0.4704842269420624, -0.5572338700294495, -0.6600010991096497, -0.8100627064704895, -0.9498941898345947, -0.9586729407310486, -0.8236501216888428, -0.7003512978553772, -0.7579708099365234, -0.9229916930198669]","[1.0984467267990112, 1.2166073322296143, 0.927089512348175, 0.9563115239143372, 0.8671985268592834, 0.6944146156311035, 0.7107099890708923, 0.9343367218971252, 1.1532703638076782, 1.1712217330932617, 1.053512692451477, 1.0031650066375732, 0.9877851605415344, 0.8835504055023193, 0.6877466440200806]","[-0.6238402724266052, -0.761779248714447, -0.6988524198532104, -0.12332718074321747, -0.1540118157863617, -0.6034094095230103, -0.7643808126449585, -0.5922532677650452, -0.6219269633293152, -0.9769637584686279, -1.196513056755066, -0.9906919598579407, -0.5557004809379578, -0.41949647665023804, -0.59067702293396]","[1.3363337516784668, 1.4048088788986206, 1.4650847911834717, 1.5228527784347534, 1.3469871282577515, 1.1115903854370117, 1.0290995836257935, 1.064863681793213, 1.071547269821167, 1.001377820968628, 0.9091538786888123, 0.8632275462150574, 0.8349544405937195, 0.7615867853164673, 0.6993989944458008]","[0.4831864535808563, 0.5463708639144897, 0.3106652498245239, -0.08642054349184036, -0.15807949006557465, -0.036250386387109756, -0.0779234915971756, -0.2994938790798187, -0.4217897653579712, -0.33040085434913635, -0.23613809049129486, -0.3348415791988373, -0.49254706501960754, -0.44320157170295715, -0.20924052596092224]","[0.5754990577697754, 0.42819780111312866, 0.6652233004570007, 0.5432606935501099, 0.6672424077987671, 0.981941819190979, 1.133628010749817, 1.061758279800415, 1.041930079460144, 1.1833784580230713, 1.344973087310791, 1.3653075695037842, 1.3159791231155396, 1.43779456615448, 1.7884310483932495]","[0.22215783596038818, 0.2819482982158661, 0.33126190304756165, 0.11749637871980667, -0.10159523785114288, -0.30795812606811523, -0.5000056624412537, -0.5589143633842468, -0.3920484185218811, -0.12285396456718445, 0.04960614815354347, 0.08977455645799637, 0.10547205805778503, 0.19506393373012543, 0.27473530173301697]","[-1.1483503580093384, -1.2706531286239624, -1.5044209957122803, -1.3842343091964722, -1.093389630317688, -0.7321637868881226, -0.30388814210891724, -0.04500254616141319, -0.13636775314807892, -0.37696608901023865, -0.3472680151462555, -0.007753792218863964, 0.22429312765598297, 0.022476665675640106, -0.39007803797721863]","[1.791555643081665, 1.5788699388504028, 1.7875198125839233, 1.9041060209274292, 2.02245831489563, 2.1780693531036377, 2.3556935787200928, 2.4701435565948486, 2.4088850021362305, 2.1703100204467773, 1.93896484375, 1.880558967590332, 2.0495107173919678, 2.318634033203125, 2.4748306274414062]","[0.22228609025478363, 0.24725863337516785, 0.41420242190361023, 0.24947397410869598, 0.08474984019994736, 0.08593186736106873, 0.09876558929681778, 0.08821849524974823, 0.1822585165500641, 0.33551621437072754, 0.35111868381500244, 0.20043182373046875, 0.06403983384370804, 0.10267963260412216, 0.20243775844573975]",15
16416,364,0,15,8,8,0.9933641,35.72634,1.6081841,0.31077299362241195,778.31104,"[0.5760647654533386, 0.6867915987968445, 0.9460299015045166, 0.9442172646522522, 0.8644242882728577, 0.7602564096450806, 0.6749129295349121, 0.6355654001235962, 0.6206997036933899, 0.6406983137130737, 0.6942379474639893, 0.7214056849479675, 0.713801920413971, 0.7256884574890137, 0.7896322011947632]","[0.07095364481210709, 0.04741682484745979, -0.1352509707212448, -0.2862718999385834, -0.12228386849164963, 0.03737550228834152, 0.011197498068213463, 0.02155182510614395, 0.18226583302021027, 0.2819991409778595, 0.2345951944589615, 0.207215815782547, 0.22645777463912964, 0.17011497914791107, 0.08855659514665604]","[-0.850852906703949, -0.7946678996086121, -0.8196755647659302, -0.7680463194847107, -0.7895215749740601, -0.8373004198074341, -0.8173795342445374, -0.77576744556427, -0.8164801001548767, -0.9213168025016785, -1.0309065580368042, -1.0993638038635254, -1.0685081481933594, -1.0221154689788818, -1.1325448751449585]","[0.8161801695823669, 0.7109989523887634, 0.7858932018280029, 0.9652015566825867, 0.7385908961296082, 0.6797047257423401, 0.9764701724052429, 1.0625907182693481, 0.8465204238891602, 0.7789832949638367, 0.9382861852645874, 0.8825598955154419, 0.5350706577301025, 0.4527507424354553, 0.8138267993927002]","[-1.371364712715149, -1.5067142248153687, -1.247504711151123, -0.7024093866348267, -0.9747809171676636, -1.1687238216400146, -0.766288161277771, -0.5018970966339111, -0.7534017562866211, -0.8259291648864746, -0.442865788936615, -0.27792444825172424, -0.53912752866745, -0.6564598083496094, -0.39780670404434204]","[1.2631968259811401, 1.3586844205856323, 1.5304032564163208, 1.6068692207336426, 1.4427613019943237, 1.3709467649459839, 1.452270269393921, 1.40382719039917, 1.1992475986480713, 1.0838772058486938, 1.0818488597869873, 0.9913610816001892, 0.7613833546638489, 0.5256609320640564, 0.3429737389087677]","[0.5310481786727905, 0.3752189576625824, -0.2190396785736084, -0.585688591003418, -0.4817051291465759, -0.4898672103881836, -0.805816113948822, -0.9907214045524597, -0.883217453956604, -0.8453201055526733, -1.0036730766296387, -1.0470155477523804, -0.8339271545410156, -0.538598895072937, -0.28856849670410156]","[-0.5854358077049255, -0.7389501929283142, -0.48651450872421265, -0.4613373875617981, -0.37365055084228516, -0.19710958003997803, -0.05266983434557915, 0.04899458587169647, 0.1773950606584549, 0.3529691994190216, 0.580020010471344, 0.8651798367500305, 1.2065207958221436, 1.5952653884887695, 1.9822742938995361]","[1.8816856145858765, 1.8803049325942993, 1.482564926147461, 1.152937650680542, 1.405815839767456, 1.5268644094467163, 1.2618085145950317, 1.1006101369857788, 1.2763315439224243, 1.3354151248931885, 1.0801891088485718, 0.9113033413887024, 0.920852780342102, 0.7501262426376343, 0.355279803276062]","[-1.6194654703140259, -1.6261987686157227, -1.4910613298416138, -1.3365654945373535, -1.6042033433914185, -1.7577776908874512, -1.353426218032837, -0.9904943704605103, -1.0795577764511108, -1.0887998342514038, -0.5766288042068481, -0.06610347330570221, -0.0034064946230500937, 0.046597037464380264, 0.5422582626342773]","[0.32123321294784546, 0.030259085819125175, 0.3145934045314789, 0.5742258429527283, 0.6216906905174255, 0.8169053196907043, 1.2412339448928833, 1.5653473138809204, 1.6275159120559692, 1.6110365390777588, 1.688524603843689, 1.7976104021072388, 1.9184876680374146, 2.1132662296295166, 2.240516185760498]","[1.2236411571502686, 1.2713031768798828, 1.2178913354873657, 1.1611223220825195, 1.4064114093780518, 1.483446478843689, 1.1800986528396606, 1.0776748657226562, 1.3458213806152344, 1.3255892992019653, 0.7984331250190735, 0.39715179800987244, 0.3949350118637085, 0.4152992367744446, 0.2382446676492691]",15
